Date,Time,State/UnionTerritory,ConfirmedIndianNational,ConfirmedForeignNational,Cured,Deaths,Confirmed
30/01/20,6:00 PM,Kerala,1,0,0,0,1
31/01/20,6:00 PM,Kerala,1,0,0,0,1
1/2/2020,6:00 PM,Kerala,2,0,0,0,2
2/2/2020,6:00 PM,Kerala,3,0,0,0,3
3/2/2020,6:00 PM,Kerala,3,0,0,0,3
4/2/2020,6:00 PM,Kerala,3,0,0,0,3
5/2/2020,6:00 PM,Kerala,3,0,0,0,3
6/2/2020,6:00 PM,Kerala,3,0,0,0,3
7/2/2020,6:00 PM,Kerala,3,0,0,0,3
8/2/2020,6:00 PM,Kerala,3,0,0,0,3
9/2/2020,6:00 PM,Kerala,3,0,0,0,3
10/2/2020,6:00 PM,Kerala,3,0,0,0,3
11/2/2020,6:00 PM,Kerala,3,0,0,0,3
12/2/2020,6:00 PM,Kerala,3,0,0,0,3
13/02/20,6:00 PM,Kerala,3,0,0,0,3
14/02/20,6:00 PM,Kerala,3,0,0,0,3
15/02/20,6:00 PM,Kerala,3,0,0,0,3
16/02/20,6:00 PM,Kerala,3,0,0,0,3
17/02/20,6:00 PM,Kerala,3,0,0,0,3
18/02/20,6:00 PM,Kerala,3,0,0,0,3
19/02/20,6:00 PM,Kerala,3,0,0,0,3
20/02/20,6:00 PM,Kerala,3,0,0,0,3
21/02/20,6:00 PM,Kerala,3,0,0,0,3
22/02/20,6:00 PM,Kerala,3,0,0,0,3
23/02/20,6:00 PM,Kerala,3,0,0,0,3
24/02/20,6:00 PM,Kerala,3,0,0,0,3
25/02/20,6:00 PM,Kerala,3,0,0,0,3
26/02/20,6:00 PM,Kerala,3,0,0,0,3
27/02/20,6:00 PM,Kerala,3,0,0,0,3
28/02/20,6:00 PM,Kerala,3,0,0,0,3
29/02/20,6:00 PM,Kerala,3,0,0,0,3
1/3/2020,6:00 PM,Kerala,3,0,0,0,3
2/3/2020,6:00 PM,Telengana,1,0,0,0,1
2/3/2020,6:00 PM,Kerala,3,0,0,0,3
2/3/2020,6:00 PM,Delhi,1,0,0,0,1
3/3/2020,6:00 PM,Telengana,1,0,0,0,1
3/3/2020,6:00 PM,Rajasthan,0,1,0,0,1
3/3/2020,6:00 PM,Kerala,3,0,3,0,3
3/3/2020,6:00 PM,Delhi,1,0,0,0,1
4/3/2020,6:00 PM,Uttar Pradesh,6,0,0,0,6
4/3/2020,6:00 PM,Kerala,3,0,3,0,3
4/3/2020,6:00 PM,Haryana,0,2,0,0,2
4/3/2020,6:00 PM,Delhi,1,0,0,0,1
4/3/2020,6:00 PM,Telengana,1,0,0,0,1
4/3/2020,6:00 PM,Rajasthan,1,14,0,0,15
5/3/2020,6:00 PM,Delhi,2,0,0,0,2
5/3/2020,6:00 PM,Haryana,0,2,0,0,2
5/3/2020,6:00 PM,Kerala,3,0,3,0,3
5/3/2020,6:00 PM,Rajasthan,1,14,0,0,15
5/3/2020,6:00 PM,Telengana,1,0,0,0,1
5/3/2020,6:00 PM,Uttar Pradesh,7,0,0,0,7
6/3/2020,6:00 PM,Delhi,3,0,0,0,3
6/3/2020,6:00 PM,Haryana,0,2,0,0,2
6/3/2020,6:00 PM,Kerala,3,0,3,0,3
6/3/2020,6:00 PM,Rajasthan,1,14,0,0,15
6/3/2020,6:00 PM,Uttar Pradesh,7,0,0,0,7
6/3/2020,6:00 PM,Telengana,1,0,0,0,1
7/3/2020,6:00 PM,Kerala,3,0,3,0,3
7/3/2020,6:00 PM,Uttar Pradesh,7,0,0,0,7
7/3/2020,6:00 PM,Ladakh,2,0,0,0,2
7/3/2020,6:00 PM,Telengana,1,0,0,0,1
7/3/2020,6:00 PM,Tamil Nadu,1,0,0,0,1
7/3/2020,6:00 PM,Delhi,3,0,0,0,3
7/3/2020,6:00 PM,Haryana,0,2,0,0,2
7/3/2020,6:00 PM,Rajasthan,1,14,0,0,15
8/3/2020,6:00 PM,Ladakh,2,0,0,0,2
8/3/2020,6:00 PM,Telengana,1,0,0,0,1
8/3/2020,6:00 PM,Tamil Nadu,1,0,0,0,1
8/3/2020,6:00 PM,Rajasthan,1,14,0,0,15
8/3/2020,6:00 PM,Kerala,8,0,3,0,8
8/3/2020,6:00 PM,Haryana,0,2,0,0,2
8/3/2020,6:00 PM,Delhi,3,0,0,0,3
8/3/2020,6:00 PM,Uttar Pradesh,7,0,0,0,7
9/3/2020,6:00 PM,Ladakh,2,0,0,0,2
9/3/2020,6:00 PM,Karnataka,1,0,0,0,1
9/3/2020,6:00 PM,Kerala,9,0,3,0,9
9/3/2020,6:00 PM,Maharashtra,2,0,0,0,2
9/3/2020,6:00 PM,Punjab,1,0,0,0,1
9/3/2020,6:00 PM,Rajasthan,1,14,0,0,15
9/3/2020,6:00 PM,Tamil Nadu,1,0,0,0,1
9/3/2020,6:00 PM,Telengana,1,0,0,0,1
9/3/2020,6:00 PM,Jammu and Kashmir,1,0,0,0,1
9/3/2020,6:00 PM,Uttar Pradesh,7,0,0,0,7
9/3/2020,6:00 PM,Haryana,0,2,0,0,2
9/3/2020,6:00 PM,Delhi,4,0,0,0,4
10/3/2020,6:00 PM,Uttar Pradesh,7,0,0,0,7
10/3/2020,6:00 PM,Ladakh,2,0,0,0,2
10/3/2020,6:00 PM,Delhi,4,0,0,0,4
10/3/2020,6:00 PM,Haryana,0,2,0,0,2
10/3/2020,6:00 PM,Karnataka,4,0,0,0,4
10/3/2020,6:00 PM,Kerala,15,0,3,0,15
10/3/2020,6:00 PM,Maharashtra,5,0,0,0,5
10/3/2020,6:00 PM,Punjab,1,0,0,0,1
10/3/2020,6:00 PM,Rajasthan,1,14,0,0,15
10/3/2020,6:00 PM,Tamil Nadu,1,0,0,0,1
10/3/2020,6:00 PM,Telengana,1,0,0,0,1
10/3/2020,6:00 PM,Jammu and Kashmir,1,0,0,0,1
11/3/2020,6:00 PM,Maharashtra,2,0,0,0,2
11/3/2020,6:00 PM,Delhi,5,0,0,0,5
11/3/2020,6:00 PM,Haryana,0,14,0,0,14
11/3/2020,6:00 PM,Kerala,17,0,3,0,17
11/3/2020,6:00 PM,Rajasthan,1,2,0,0,3
11/3/2020,6:00 PM,Telengana,1,0,0,0,1
11/3/2020,6:00 PM,Uttar Pradesh,9,0,0,0,9
11/3/2020,6:00 PM,Ladakh,2,0,0,0,2
11/3/2020,6:00 PM,Tamil Nadu,1,0,0,0,1
11/3/2020,6:00 PM,Jammu and Kashmir,1,0,0,0,1
11/3/2020,6:00 PM,Punjab,1,0,0,0,1
11/3/2020,6:00 PM,Karnataka,4,0,0,0,4
12/3/2020,6:00 PM,Delhi,6,0,0,0,6
12/3/2020,6:00 PM,Haryana,0,14,0,0,14
12/3/2020,6:00 PM,Kerala,17,0,3,0,17
12/3/2020,6:00 PM,Rajasthan,1,2,0,0,3
12/3/2020,6:00 PM,Telengana,1,0,0,0,1
12/3/2020,6:00 PM,Uttar Pradesh,10,1,0,0,11
12/3/2020,6:00 PM,Ladakh,3,0,0,0,3
12/3/2020,6:00 PM,Tamil Nadu,1,0,0,0,1
12/3/2020,6:00 PM,Jammu and Kashmir,1,0,0,0,1
12/3/2020,6:00 PM,Punjab,1,0,0,0,1
12/3/2020,6:00 PM,Karnataka,4,0,0,0,4
12/3/2020,6:00 PM,Maharashtra,11,0,0,0,11
12/3/2020,6:00 PM,Andhra Pradesh,1,0,0,0,1
13/03/20,6:00 PM,Delhi,6,0,0,0,6
13/03/20,6:00 PM,Haryana,0,14,0,0,14
13/03/20,6:00 PM,Kerala,19,0,3,0,19
13/03/20,6:00 PM,Rajasthan,1,2,0,0,3
13/03/20,6:00 PM,Telengana,1,0,0,0,1
13/03/20,6:00 PM,Uttar Pradesh,10,1,0,0,11
13/03/20,6:00 PM,Ladakh,3,0,0,0,3
13/03/20,6:00 PM,Tamil Nadu,1,0,0,0,1
13/03/20,6:00 PM,Jammu and Kashmir,1,0,0,0,1
13/03/20,6:00 PM,Punjab,1,0,0,0,1
13/03/20,6:00 PM,Karnataka,6,0,0,1,6
13/03/20,6:00 PM,Maharashtra,14,0,0,0,14
13/03/20,6:00 PM,Andhra Pradesh,1,0,0,0,1
14/03/20,6:00 PM,Delhi,7,0,1,1,7
14/03/20,6:00 PM,Haryana,0,14,0,0,14
14/03/20,6:00 PM,Kerala,19,0,3,0,19
14/03/20,6:00 PM,Rajasthan,1,2,1,0,3
14/03/20,6:00 PM,Telengana,1,0,0,0,1
14/03/20,6:00 PM,Uttar Pradesh,11,1,5,0,12
14/03/20,6:00 PM,Ladakh,3,0,0,0,3
14/03/20,6:00 PM,Tamil Nadu,1,0,0,0,1
14/03/20,6:00 PM,Jammu and Kashmir,2,0,0,0,2
14/03/20,6:00 PM,Punjab,1,0,0,0,1
14/03/20,6:00 PM,Karnataka,6,0,0,1,6
14/03/20,6:00 PM,Maharashtra,14,0,0,0,14
14/03/20,6:00 PM,Andhra Pradesh,1,0,0,0,1
15/03/20,6:00 PM,Andhra Pradesh,1,0,0,0,1
15/03/20,6:00 PM,Delhi,7,0,2,1,7
15/03/20,6:00 PM,Haryana,0,14,0,0,14
15/03/20,6:00 PM,Karnataka,6,0,0,1,6
15/03/20,6:00 PM,Kerala,22,0,3,0,22
15/03/20,6:00 PM,Maharashtra,32,0,0,0,32
15/03/20,6:00 PM,Punjab,1,0,0,0,1
15/03/20,6:00 PM,Rajasthan,2,2,3,0,4
15/03/20,6:00 PM,Tamil Nadu,1,0,0,0,1
15/03/20,6:00 PM,Telengana,3,0,1,0,3
15/03/20,6:00 PM,Jammu and Kashmir,2,0,0,0,2
15/03/20,6:00 PM,Ladakh,3,0,0,0,3
15/03/20,6:00 PM,Uttar Pradesh,12,1,4,0,13
15/03/20,6:00 PM,Uttarakhand,1,0,0,0,1
16/03/20,6:00 PM,Andhra Pradesh,1,0,0,0,1
16/03/20,6:00 PM,Delhi,7,0,2,1,7
16/03/20,6:00 PM,Haryana,0,14,0,0,14
16/03/20,6:00 PM,Karnataka,6,0,0,1,6
16/03/20,6:00 PM,Kerala,23,0,3,0,23
16/03/20,6:00 PM,Maharashtra,32,0,0,0,32
16/03/20,6:00 PM,Odisha,1,0,0,0,1
16/03/20,6:00 PM,Punjab,1,0,0,0,1
16/03/20,6:00 PM,Rajasthan,2,2,3,0,4
16/03/20,6:00 PM,Tamil Nadu,1,0,0,0,1
16/03/20,6:00 PM,Telengana,3,0,1,0,3
16/03/20,6:00 PM,Jammu and Kashmir,3,0,0,0,3
16/03/20,6:00 PM,Ladakh,4,0,0,0,4
16/03/20,6:00 PM,Uttar Pradesh,12,1,4,0,13
16/03/20,6:00 PM,Uttarakhand,1,0,0,0,1
17/03/20,6:00 PM,Andhra Pradesh,1,0,0,0,1
17/03/20,6:00 PM,Delhi,8,0,2,1,8
17/03/20,6:00 PM,Haryana,1,14,0,0,15
17/03/20,6:00 PM,Karnataka,11,0,0,1,11
17/03/20,6:00 PM,Kerala,24,2,3,0,26
17/03/20,6:00 PM,Maharashtra,36,3,0,1,39
17/03/20,6:00 PM,Odisha,1,0,0,0,1
17/03/20,6:00 PM,Punjab,1,0,0,0,1
17/03/20,6:00 PM,Rajasthan,2,2,3,0,4
17/03/20,6:00 PM,Tamil Nadu,1,0,0,0,1
17/03/20,6:00 PM,Telengana,3,2,1,0,5
17/03/20,6:00 PM,Jammu and Kashmir,3,0,0,0,3
17/03/20,6:00 PM,Ladakh,6,0,0,0,6
17/03/20,6:00 PM,Uttar Pradesh,14,1,5,0,15
17/03/20,6:00 PM,Uttarakhand,1,0,0,0,1
18/03/20,6:00 PM,Andhra Pradesh,1,0,0,0,1
18/03/20,6:00 PM,Delhi,9,1,2,1,10
18/03/20,6:00 PM,Haryana,3,14,0,0,17
18/03/20,6:00 PM,Karnataka,11,0,0,1,11
18/03/20,6:00 PM,Kerala,25,2,3,0,27
18/03/20,6:00 PM,Maharashtra,39,3,0,1,42
18/03/20,6:00 PM,Odisha,1,0,0,0,1
18/03/20,6:00 PM,Puducherry,1,0,0,0,1
18/03/20,6:00 PM,Punjab,1,0,0,0,1
18/03/20,6:00 PM,Rajasthan,2,2,3,0,4
18/03/20,6:00 PM,Tamil Nadu,1,0,0,0,1
18/03/20,6:00 PM,Telengana,4,2,1,0,6
18/03/20,6:00 PM,Jammu and Kashmir,3,0,0,0,3
18/03/20,6:00 PM,Ladakh,8,0,0,0,8
18/03/20,6:00 PM,Uttar Pradesh,15,1,5,0,16
18/03/20,6:00 PM,Uttarakhand,1,0,0,0,1
18/03/20,6:00 PM,West Bengal,1,0,0,0,1
19/03/20,6:00 PM,Andhra Pradesh,2,0,0,0,2
19/03/20,6:00 PM,Chhattisgarh,1,0,0,0,1
19/03/20,6:00 PM,Delhi,11,1,3,1,12
19/03/20,6:00 PM,Haryana,3,14,0,0,17
19/03/20,6:00 PM,Karnataka,14,0,0,1,14
19/03/20,6:00 PM,Kerala,25,2,3,0,27
19/03/20,6:00 PM,Maharashtra,44,3,0,1,47
19/03/20,6:00 PM,Odisha,1,0,0,0,1
19/03/20,6:00 PM,Puducherry,1,0,0,0,1
19/03/20,6:00 PM,Punjab,2,0,0,1,2
19/03/20,6:00 PM,Rajasthan,5,2,3,0,7
19/03/20,6:00 PM,Tamil Nadu,2,0,1,0,2
19/03/20,6:00 PM,Telengana,4,2,1,0,6
19/03/20,6:00 PM,Chandigarh,1,0,0,0,1
19/03/20,6:00 PM,Jammu and Kashmir,4,0,0,0,4
19/03/20,6:00 PM,Ladakh,8,0,0,0,8
19/03/20,6:00 PM,Uttar Pradesh,18,1,9,0,19
19/03/20,6:00 PM,Uttarakhand,1,0,0,0,1
19/03/20,6:00 PM,West Bengal,1,0,0,0,1
20/03/20,6:00 PM,Andhra Pradesh,3,0,0,0,3
20/03/20,6:00 PM,Chhattisgarh,1,0,0,0,1
20/03/20,6:00 PM,Delhi,16,1,5,1,17
20/03/20,6:00 PM,Gujarat,5,0,0,0,5
20/03/20,6:00 PM,Haryana,3,14,0,0,17
20/03/20,6:00 PM,Karnataka,15,0,1,1,15
20/03/20,6:00 PM,Kerala,26,2,3,0,28
20/03/20,6:00 PM,Maharashtra,49,3,0,1,52
20/03/20,6:00 PM,Odisha,2,0,0,0,2
20/03/20,6:00 PM,Puducherry,1,0,0,0,1
20/03/20,6:00 PM,Punjab,2,0,0,1,2
20/03/20,6:00 PM,Rajasthan,15,2,3,0,17
20/03/20,6:00 PM,Tamil Nadu,3,0,1,0,3
20/03/20,6:00 PM,Telengana,8,9,1,0,17
20/03/20,6:00 PM,Chandigarh,1,0,0,0,1
20/03/20,6:00 PM,Jammu and Kashmir,4,0,0,0,4
20/03/20,6:00 PM,Ladakh,10,0,0,0,10
20/03/20,6:00 PM,Uttar Pradesh,22,1,9,0,23
20/03/20,6:00 PM,Uttarakhand,3,0,0,0,3
20/03/20,6:00 PM,West Bengal,2,0,0,0,2
21/03/20,6:00 PM,Andhra Pradesh,3,0,0,0,3
21/03/20,6:00 PM,Chhattisgarh,1,0,0,0,1
21/03/20,6:00 PM,Delhi,25,1,5,1,26
21/03/20,6:00 PM,Gujarat,7,0,0,0,7
21/03/20,6:00 PM,Haryana,3,14,0,0,17
21/03/20,6:00 PM,Himachal Pradesh,2,0,0,0,2
21/03/20,6:00 PM,Karnataka,15,0,1,1,15
21/03/20,6:00 PM,Kerala,33,7,3,0,40
21/03/20,6:00 PM,Madhya Pradesh,4,0,0,0,4
21/03/20,6:00 PM,Maharashtra,60,3,0,1,63
21/03/20,6:00 PM,Odisha,2,0,0,0,2
21/03/20,6:00 PM,Puducherry,1,0,0,0,1
21/03/20,6:00 PM,Punjab,13,0,0,1,13
21/03/20,6:00 PM,Rajasthan,15,2,3,0,17
21/03/20,6:00 PM,Tamil Nadu,3,0,1,0,3
21/03/20,6:00 PM,Telengana,10,11,1,0,21
21/03/20,6:00 PM,Chandigarh,1,0,0,0,1
21/03/20,6:00 PM,Jammu and Kashmir,4,0,0,0,4
21/03/20,6:00 PM,Ladakh,13,0,0,0,13
21/03/20,6:00 PM,Uttar Pradesh,23,1,9,0,24
21/03/20,6:00 PM,Uttarakhand,3,0,0,0,3
21/03/20,6:00 PM,West Bengal,3,0,0,0,3
22/03/20,6:00 PM,Andhra Pradesh,5,0,0,0,5
22/03/20,6:00 PM,Bihar,2,0,0,1,2
22/03/20,6:00 PM,Chhattisgarh,1,0,0,0,1
22/03/20,6:00 PM,Delhi,28,1,5,1,29
22/03/20,6:00 PM,Gujarat,18,0,0,1,18
22/03/20,6:00 PM,Haryana,7,14,0,0,21
22/03/20,6:00 PM,Himachal Pradesh,2,0,0,0,2
22/03/20,6:00 PM,Karnataka,26,0,2,1,26
22/03/20,6:00 PM,Kerala,45,7,3,0,52
22/03/20,6:00 PM,Madhya Pradesh,4,0,0,0,4
22/03/20,6:00 PM,Maharashtra,64,3,0,2,67
22/03/20,6:00 PM,Odisha,2,0,0,0,2
22/03/20,6:00 PM,Puducherry,1,0,0,0,1
22/03/20,6:00 PM,Punjab,21,0,0,1,21
22/03/20,6:00 PM,Rajasthan,22,2,3,0,24
22/03/20,6:00 PM,Tamil Nadu,5,2,1,0,7
22/03/20,6:00 PM,Telengana,11,11,1,0,22
22/03/20,6:00 PM,Chandigarh,5,0,0,0,5
22/03/20,6:00 PM,Jammu and Kashmir,4,0,0,0,4
22/03/20,6:00 PM,Ladakh,13,0,0,0,13
22/03/20,6:00 PM,Uttar Pradesh,26,1,9,0,27
22/03/20,6:00 PM,Uttarakhand,3,0,0,0,3
22/03/20,6:00 PM,West Bengal,4,0,0,0,4
23/03/20,6:00 PM,Andhra Pradesh,7,0,0,0,7
23/03/20,6:00 PM,Bihar,2,0,0,1,2
23/03/20,6:00 PM,Chhattisgarh,1,0,0,0,1
23/03/20,6:00 PM,Delhi,28,1,5,1,29
23/03/20,6:00 PM,Gujarat,29,0,0,1,29
23/03/20,6:00 PM,Haryana,12,14,0,0,26
23/03/20,6:00 PM,Himachal Pradesh,2,0,0,0,2
23/03/20,6:00 PM,Karnataka,33,0,2,1,33
23/03/20,6:00 PM,Kerala,60,7,3,0,67
23/03/20,6:00 PM,Madhya Pradesh,6,0,0,0,6
23/03/20,6:00 PM,Maharashtra,71,3,0,2,74
23/03/20,6:00 PM,Odisha,2,0,0,0,2
23/03/20,6:00 PM,Puducherry,1,0,0,0,1
23/03/20,6:00 PM,Punjab,21,0,0,1,21
23/03/20,6:00 PM,Rajasthan,26,2,3,0,28
23/03/20,6:00 PM,Tamil Nadu,7,2,1,0,9
23/03/20,6:00 PM,Telengana,22,10,1,0,32
23/03/20,6:00 PM,Chandigarh,6,0,0,0,6
23/03/20,6:00 PM,Jammu and Kashmir,4,0,0,0,4
23/03/20,6:00 PM,Ladakh,13,0,0,0,13
23/03/20,6:00 PM,Uttar Pradesh,30,1,9,0,31
23/03/20,6:00 PM,Uttarakhand,3,0,0,0,3
23/03/20,6:00 PM,West Bengal,7,0,0,0,7
24/03/20,6:00 PM,Andhra Pradesh,8,0,0,0,8
24/03/20,6:00 PM,Bihar,3,0,0,1,3
24/03/20,6:00 PM,Chhattisgarh,1,0,0,0,1
24/03/20,6:00 PM,Delhi,29,1,6,1,30
24/03/20,6:00 PM,Gujarat,32,1,0,1,33
24/03/20,6:00 PM,Haryana,14,14,11,0,28
24/03/20,6:00 PM,Himachal Pradesh,3,0,0,1,3
24/03/20,6:00 PM,Karnataka,37,0,3,1,37
24/03/20,6:00 PM,Kerala,87,8,4,0,95
24/03/20,6:00 PM,Madhya Pradesh,7,0,0,0,7
24/03/20,6:00 PM,Maharashtra,86,3,0,2,89
24/03/20,6:00 PM,Manipur,1,0,0,0,1
24/03/20,6:00 PM,Odisha,2,0,0,0,2
24/03/20,6:00 PM,Puducherry,1,0,0,0,1
24/03/20,6:00 PM,Punjab,29,0,0,1,29
24/03/20,6:00 PM,Rajasthan,30,2,3,0,32
24/03/20,6:00 PM,Tamil Nadu,13,2,1,0,15
24/03/20,6:00 PM,Telengana,25,10,1,0,35
24/03/20,6:00 PM,Chandigarh,7,0,0,0,7
24/03/20,6:00 PM,Jammu and Kashmir,4,0,0,0,4
24/03/20,6:00 PM,Ladakh,13,0,0,0,13
24/03/20,6:00 PM,Uttar Pradesh,32,1,11,0,33
24/03/20,6:00 PM,Uttarakhand,3,1,0,0,4
24/03/20,6:00 PM,West Bengal,9,0,0,1,9
25/03/20,6:00 PM,Andhra Pradesh,9,0,1,0,9
25/03/20,6:00 PM,Bihar,4,0,0,1,4
25/03/20,6:00 PM,Chhattisgarh,1,0,0,0,1
25/03/20,6:00 PM,Delhi,30,1,6,1,31
25/03/20,6:00 PM,Gujarat,37,1,0,1,38
25/03/20,6:00 PM,Haryana,14,14,11,0,28
25/03/20,6:00 PM,Himachal Pradesh,3,0,0,1,3
25/03/20,6:00 PM,Karnataka,41,0,3,1,41
25/03/20,6:00 PM,Kerala,101,8,4,0,109
25/03/20,6:00 PM,Madhya Pradesh,14,0,0,0,14
25/03/20,6:00 PM,Maharashtra,125,3,1,3,128
25/03/20,6:00 PM,Manipur,1,0,0,0,1
25/03/20,6:00 PM,Mizoram,1,0,0,0,1
25/03/20,6:00 PM,Odisha,2,0,0,0,2
25/03/20,6:00 PM,Puducherry,1,0,0,0,1
25/03/20,6:00 PM,Punjab,29,0,0,1,29
25/03/20,6:00 PM,Rajasthan,34,2,3,0,36
25/03/20,6:00 PM,Tamil Nadu,16,2,1,0,18
25/03/20,6:00 PM,Telengana,25,10,1,0,35
25/03/20,6:00 PM,Chandigarh,7,0,0,0,7
25/03/20,6:00 PM,Jammu and Kashmir,7,0,1,0,7
25/03/20,6:00 PM,Ladakh,13,0,0,0,13
25/03/20,6:00 PM,Uttar Pradesh,36,1,11,0,37
25/03/20,6:00 PM,Uttarakhand,3,1,0,0,4
25/03/20,6:00 PM,West Bengal,9,0,0,1,9
26/03/20,6:00 PM,Andaman and Nicobar Islands,1,0,0,0,1
26/03/20,6:00 PM,Andhra Pradesh,11,0,1,0,11
26/03/20,6:00 PM,Bihar,6,0,0,1,6
26/03/20,6:00 PM,Chandigarh,7,0,0,0,7
26/03/20,6:00 PM,Chhattisgarh,6,0,0,0,6
26/03/20,6:00 PM,Delhi,35,1,6,1,36
26/03/20,6:00 PM,Goa,3,0,0,0,3
26/03/20,6:00 PM,Gujarat,42,1,0,3,43
26/03/20,6:00 PM,Haryana,16,14,11,0,30
26/03/20,6:00 PM,Himachal Pradesh,3,0,0,1,3
26/03/20,6:00 PM,Jammu and Kashmir,13,0,1,0,13
26/03/20,6:00 PM,Karnataka,55,0,3,2,55
26/03/20,6:00 PM,Kerala,110,8,6,0,118
26/03/20,6:00 PM,Ladakh,13,0,0,0,13
26/03/20,6:00 PM,Madhya Pradesh,20,0,0,1,20
26/03/20,6:00 PM,Maharashtra,121,3,1,3,124
26/03/20,6:00 PM,Manipur,1,0,0,0,1
26/03/20,6:00 PM,Mizoram,1,0,0,0,1
26/03/20,6:00 PM,Odisha,2,0,0,0,2
26/03/20,6:00 PM,Puducherry,1,0,0,0,1
26/03/20,6:00 PM,Punjab,33,0,0,1,33
26/03/20,6:00 PM,Rajasthan,39,2,3,0,41
26/03/20,6:00 PM,Tamil Nadu,20,6,1,1,26
26/03/20,6:00 PM,Telengana,34,10,1,0,44
26/03/20,6:00 PM,Uttarakhand,4,1,0,0,5
26/03/20,6:00 PM,Uttar Pradesh,40,1,11,0,41
26/03/20,6:00 PM,West Bengal,10,0,0,1,10
27/03/20,10:00 AM,Andaman and Nicobar Islands,1,0,0,0,1
27/03/20,10:00 AM,Andhra Pradesh,12,0,1,0,12
27/03/20,10:00 AM,Bihar,6,0,0,1,6
27/03/20,10:00 AM,Chandigarh,7,0,0,0,7
27/03/20,10:00 AM,Chhattisgarh,6,0,0,0,6
27/03/20,10:00 AM,Delhi,35,1,6,1,36
27/03/20,10:00 AM,Goa,3,0,0,0,3
27/03/20,10:00 AM,Gujarat,42,1,0,3,43
27/03/20,10:00 AM,Haryana,16,14,11,0,30
27/03/20,10:00 AM,Himachal Pradesh,3,0,0,1,3
27/03/20,10:00 AM,Jammu and Kashmir,13,0,1,1,13
27/03/20,10:00 AM,Karnataka,55,0,3,2,55
27/03/20,10:00 AM,Kerala,129,8,11,0,137
27/03/20,10:00 AM,Ladakh,13,0,3,0,13
27/03/20,10:00 AM,Madhya Pradesh,20,0,0,1,20
27/03/20,10:00 AM,Maharashtra,127,3,15,4,130
27/03/20,10:00 AM,Manipur,1,0,0,0,1
27/03/20,10:00 AM,Mizoram,1,0,0,0,1
27/03/20,10:00 AM,Odisha,2,0,0,0,2
27/03/20,10:00 AM,Puducherry,1,0,0,0,1
27/03/20,10:00 AM,Punjab,33,0,0,1,33
27/03/20,10:00 AM,Rajasthan,39,2,3,0,41
27/03/20,10:00 AM,Tamil Nadu,23,6,1,1,29
27/03/20,10:00 AM,Telengana,35,10,1,0,45
27/03/20,10:00 AM,Uttarakhand,4,1,0,0,5
27/03/20,10:00 AM,Uttar Pradesh,40,1,11,0,41
27/03/20,10:00 AM,West Bengal,10,0,0,1,10
28/03/20,6:00 PM,Andhra Pradesh,14,0,1,0,14
28/03/20,6:00 PM,Andaman and Nicobar Islands,6,0,0,0,6
28/03/20,6:00 PM,Bihar,9,0,0,1,9
28/03/20,6:00 PM,Chandigarh,8,0,0,0,8
28/03/20,6:00 PM,Chhattisgarh,6,0,0,0,6
28/03/20,6:00 PM,Delhi,38,1,6,1,39
28/03/20,6:00 PM,Goa,3,0,0,0,3
28/03/20,6:00 PM,Gujarat,44,1,0,3,45
28/03/20,6:00 PM,Haryana,19,14,12,0,33
28/03/20,6:00 PM,Himachal Pradesh,3,0,0,1,3
28/03/20,6:00 PM,Jammu and Kashmir,20,0,1,1,20
28/03/20,6:00 PM,Karnataka,55,0,3,2,55
28/03/20,6:00 PM,Kerala,168,8,11,0,176
28/03/20,6:00 PM,Ladakh,13,0,3,0,13
28/03/20,6:00 PM,Madhya Pradesh,30,0,0,2,30
28/03/20,6:00 PM,Maharashtra,177,3,25,5,180
28/03/20,6:00 PM,Manipur,1,0,0,0,1
28/03/20,6:00 PM,Mizoram,1,0,0,0,1
28/03/20,6:00 PM,Odisha,3,0,0,0,3
28/03/20,6:00 PM,Puducherry,1,0,0,0,1
28/03/20,6:00 PM,Punjab,38,0,1,1,38
28/03/20,6:00 PM,Rajasthan,52,2,3,0,54
28/03/20,6:00 PM,Tamil Nadu,34,6,2,1,40
28/03/20,6:00 PM,Telengana,46,10,1,0,56
28/03/20,6:00 PM,Uttarakhand,4,1,0,0,5
28/03/20,6:00 PM,Uttar Pradesh,54,1,11,0,55
28/03/20,6:00 PM,West Bengal,15,0,0,1,15
29/03/20,7:30 PM,Andhra Pradesh,-,-,1,0,19
29/03/20,7:30 PM,Andaman and Nicobar Islands,-,-,0,0,9
29/03/20,7:30 PM,Bihar,-,-,0,1,11
29/03/20,7:30 PM,Chandigarh,-,-,0,0,8
29/03/20,7:30 PM,Chhattisgarh,-,-,0,0,7
29/03/20,7:30 PM,Delhi,-,-,6,2,49
29/03/20,7:30 PM,Goa,-,-,0,0,5
29/03/20,7:30 PM,Gujarat,-,-,1,5,58
29/03/20,7:30 PM,Haryana,-,-,17,0,33
29/03/20,7:30 PM,Himachal Pradesh,-,-,0,1,3
29/03/20,7:30 PM,Jammu and Kashmir,-,-,1,2,31
29/03/20,7:30 PM,Karnataka,-,-,5,3,76
29/03/20,7:30 PM,Kerala,-,-,15,1,182
29/03/20,7:30 PM,Ladakh,-,-,3,0,13
29/03/20,7:30 PM,Madhya Pradesh,-,-,0,2,30
29/03/20,7:30 PM,Maharashtra,-,-,25,6,186
29/03/20,7:30 PM,Manipur,-,-,0,0,1
29/03/20,7:30 PM,Mizoram,-,-,0,0,1
29/03/20,7:30 PM,Odisha,-,-,0,0,3
29/03/20,7:30 PM,Puducherry,-,-,0,0,1
29/03/20,7:30 PM,Punjab,-,-,1,1,38
29/03/20,7:30 PM,Rajasthan,-,-,3,0,55
29/03/20,7:30 PM,Tamil Nadu,-,-,4,1,49
29/03/20,7:30 PM,Telengana,-,-,1,1,66
29/03/20,7:30 PM,Uttarakhand,-,-,2,0,7
29/03/20,7:30 PM,Uttar Pradesh,-,-,11,0,65
29/03/20,7:30 PM,West Bengal,-,-,0,1,18
30/03/20,9:30 PM,Andhra Pradesh,-,-,1,0,23
30/03/20,9:30 PM,Andaman and Nicobar Islands,-,-,0,0,9
30/03/20,9:30 PM,Bihar,-,-,0,1,15
30/03/20,9:30 PM,Chandigarh,-,-,0,0,8
30/03/20,9:30 PM,Chhattisgarh,-,-,0,0,7
30/03/20,9:30 PM,Delhi,-,-,6,2,87
30/03/20,9:30 PM,Goa,-,-,0,0,5
30/03/20,9:30 PM,Gujarat,-,-,1,6,69
30/03/20,9:30 PM,Haryana,-,-,18,0,36
30/03/20,9:30 PM,Himachal Pradesh,-,-,0,1,3
30/03/20,9:30 PM,Jammu and Kashmir,-,-,2,2,48
30/03/20,9:30 PM,Karnataka,-,-,5,3,83
30/03/20,9:30 PM,Kerala,-,-,19,1,202
30/03/20,9:30 PM,Ladakh,-,-,3,0,13
30/03/20,9:30 PM,Madhya Pradesh,-,-,0,3,47
30/03/20,9:30 PM,Maharashtra,-,-,25,8,198
30/03/20,9:30 PM,Manipur,-,-,0,0,1
30/03/20,9:30 PM,Mizoram,-,-,0,0,1
30/03/20,9:30 PM,Odisha,-,-,0,0,3
30/03/20,9:30 PM,Puducherry,-,-,0,0,1
30/03/20,9:30 PM,Punjab,-,-,1,1,38
30/03/20,9:30 PM,Rajasthan,-,-,3,0,59
30/03/20,9:30 PM,Tamil Nadu,-,-,4,1,67
30/03/20,9:30 PM,Telengana,-,-,1,1,71
30/03/20,9:30 PM,Uttarakhand,-,-,2,0,7
30/03/20,9:30 PM,Uttar Pradesh,-,-,11,0,82
30/03/20,9:30 PM,West Bengal,-,-,0,1,22
30/03/20,9:30 PM,Unassigned,-,-,0,0,46
31/03/20,8:30 PM,Andhra Pradesh,-,-,1,0,40
31/03/20,8:30 PM,Andaman and Nicobar Islands,-,-,0,0,10
31/03/20,8:30 PM,Bihar,-,-,0,1,15
31/03/20,8:30 PM,Chandigarh,-,-,0,0,13
31/03/20,8:30 PM,Chhattisgarh,-,-,0,0,8
31/03/20,8:30 PM,Delhi,-,-,6,2,97
31/03/20,8:30 PM,Goa,-,-,0,0,5
31/03/20,8:30 PM,Gujarat,-,-,3,6,73
31/03/20,8:30 PM,Haryana,-,-,21,0,40
31/03/20,8:30 PM,Himachal Pradesh,-,-,0,1,3
31/03/20,8:30 PM,Jammu and Kashmir,-,-,2,2,54
31/03/20,8:30 PM,Karnataka,-,-,5,3,83
31/03/20,8:30 PM,Kerala,-,-,19,1,234
31/03/20,8:30 PM,Ladakh,-,-,3,0,13
31/03/20,8:30 PM,Madhya Pradesh,-,-,0,3,47
31/03/20,8:30 PM,Maharashtra,-,-,39,9,216
31/03/20,8:30 PM,Manipur,-,-,0,0,1
31/03/20,8:30 PM,Mizoram,-,-,0,0,1
31/03/20,8:30 PM,Odisha,-,-,0,0,3
31/03/20,8:30 PM,Puducherry,-,-,0,0,1
31/03/20,8:30 PM,Punjab,-,-,1,3,41
31/03/20,8:30 PM,Rajasthan,-,-,3,0,74
31/03/20,8:30 PM,Tamil Nadu,-,-,4,1,74
31/03/20,8:30 PM,Telengana,-,-,1,1,79
31/03/20,8:30 PM,Uttarakhand,-,-,2,0,7
31/03/20,8:30 PM,Uttar Pradesh,-,-,14,0,101
31/03/20,8:30 PM,West Bengal,-,-,0,2,26
31/03/20,8:30 PM,Unassigned,-,-,0,0,38
1/4/2020,7:30 PM,Andhra Pradesh,-,-,1,0,83
1/4/2020,7:30 PM,Andaman and Nicobar Islands,-,-,0,0,10
1/4/2020,7:30 PM,Assam,-,-,0,0,1
1/4/2020,7:30 PM,Bihar,-,-,0,1,23
1/4/2020,7:30 PM,Chandigarh,-,-,0,0,16
1/4/2020,7:30 PM,Chhattisgarh,-,-,2,0,9
1/4/2020,7:30 PM,Delhi,-,-,6,2,152
1/4/2020,7:30 PM,Goa,-,-,0,0,5
1/4/2020,7:30 PM,Gujarat,-,-,5,6,82
1/4/2020,7:30 PM,Haryana,-,-,21,0,43
1/4/2020,7:30 PM,Himachal Pradesh,-,-,0,1,3
1/4/2020,7:30 PM,Jammu and Kashmir,-,-,2,2,62
1/4/2020,7:30 PM,Jharkhand,-,-,0,0,1
1/4/2020,7:30 PM,Karnataka,-,-,8,3,101
1/4/2020,7:30 PM,Kerala,-,-,23,2,241
1/4/2020,7:30 PM,Ladakh,-,-,3,0,13
1/4/2020,7:30 PM,Madhya Pradesh,-,-,0,3,66
1/4/2020,7:30 PM,Maharashtra,-,-,39,9,302
1/4/2020,7:30 PM,Manipur,-,-,0,0,1
1/4/2020,7:30 PM,Mizoram,-,-,0,0,1
1/4/2020,7:30 PM,Odisha,-,-,0,0,4
1/4/2020,7:30 PM,Puducherry,-,-,1,0,3
1/4/2020,7:30 PM,Punjab,-,-,1,3,42
1/4/2020,7:30 PM,Rajasthan,-,-,3,0,93
1/4/2020,7:30 PM,Tamil Nadu,-,-,6,1,234
1/4/2020,7:30 PM,Telengana,-,-,1,3,96
1/4/2020,7:30 PM,Uttarakhand,-,-,2,0,7
1/4/2020,7:30 PM,Uttar Pradesh,-,-,14,2,103
1/4/2020,7:30 PM,West Bengal,-,-,6,3,37
2/4/2020,6:00 PM,Andhra Pradesh,-,-,1,1,86
2/4/2020,6:00 PM,Andaman and Nicobar Islands,-,-,0,0,10
2/4/2020,6:00 PM,Assam,-,-,0,0,5
2/4/2020,6:00 PM,Bihar,-,-,0,1,24
2/4/2020,6:00 PM,Chandigarh,-,-,0,0,16
2/4/2020,6:00 PM,Chhattisgarh,-,-,2,0,9
2/4/2020,6:00 PM,Delhi,-,-,8,4,219
2/4/2020,6:00 PM,Goa,-,-,0,0,5
2/4/2020,6:00 PM,Gujarat,-,-,8,7,87
2/4/2020,6:00 PM,Haryana,-,-,21,0,43
2/4/2020,6:00 PM,Himachal Pradesh,-,-,1,1,3
2/4/2020,6:00 PM,Jammu and Kashmir,-,-,2,2,62
2/4/2020,6:00 PM,Jharkhand,-,-,0,0,1
2/4/2020,6:00 PM,Karnataka,-,-,9,3,110
2/4/2020,6:00 PM,Kerala,-,-,25,2,265
2/4/2020,6:00 PM,Ladakh,-,-,3,0,13
2/4/2020,6:00 PM,Madhya Pradesh,-,-,0,6,99
2/4/2020,6:00 PM,Maharashtra,-,-,42,13,335
2/4/2020,6:00 PM,Manipur,-,-,0,0,1
2/4/2020,6:00 PM,Mizoram,-,-,0,0,1
2/4/2020,6:00 PM,Odisha,-,-,0,0,4
2/4/2020,6:00 PM,Puducherry,-,-,1,0,3
2/4/2020,6:00 PM,Punjab,-,-,1,4,46
2/4/2020,6:00 PM,Rajasthan,-,-,3,0,108
2/4/2020,6:00 PM,Tamil Nadu,-,-,6,1,234
2/4/2020,6:00 PM,Telengana,-,-,1,3,107
2/4/2020,6:00 PM,Uttarakhand,-,-,2,0,7
2/4/2020,6:00 PM,Uttar Pradesh,-,-,14,2,113
2/4/2020,6:00 PM,West Bengal,-,-,6,3,53
3/4/2020,6:00 PM,Andhra Pradesh,-,-,1,1,132
3/4/2020,6:00 PM,Andaman and Nicobar Islands,-,-,0,0,10
3/4/2020,6:00 PM,Arunachal Pradesh,-,-,0,0,1
3/4/2020,6:00 PM,Assam,-,-,0,0,16
3/4/2020,6:00 PM,Bihar,-,-,0,1,29
3/4/2020,6:00 PM,Chandigarh,-,-,0,0,18
3/4/2020,6:00 PM,Chhattisgarh,-,-,3,0,9
3/4/2020,6:00 PM,Delhi,-,-,8,4,219
3/4/2020,6:00 PM,Goa,-,-,0,0,6
3/4/2020,6:00 PM,Gujarat,-,-,10,8,95
3/4/2020,6:00 PM,Haryana,-,-,24,0,49
3/4/2020,6:00 PM,Himachal Pradesh,-,-,1,1,6
3/4/2020,6:00 PM,Jammu and Kashmir,-,-,3,2,75
3/4/2020,6:00 PM,Jharkhand,-,-,0,0,2
3/4/2020,6:00 PM,Karnataka,-,-,10,3,124
3/4/2020,6:00 PM,Kerala,-,-,27,2,286
3/4/2020,6:00 PM,Ladakh,-,-,3,0,14
3/4/2020,6:00 PM,Madhya Pradesh,-,-,0,6,104
3/4/2020,6:00 PM,Maharashtra,-,-,42,16,335
3/4/2020,6:00 PM,Manipur,-,-,0,0,2
3/4/2020,6:00 PM,Mizoram,-,-,0,0,1
3/4/2020,6:00 PM,Odisha,-,-,0,0,5
3/4/2020,6:00 PM,Puducherry,-,-,1,0,5
3/4/2020,6:00 PM,Punjab,-,-,1,5,48
3/4/2020,6:00 PM,Rajasthan,-,-,3,0,167
3/4/2020,6:00 PM,Tamil Nadu,-,-,6,1,309
3/4/2020,6:00 PM,Telengana,-,-,1,7,158
3/4/2020,6:00 PM,Uttarakhand,-,-,2,0,10
3/4/2020,6:00 PM,Uttar Pradesh,-,-,14,2,172
3/4/2020,6:00 PM,West Bengal,-,-,3,3,63
3/4/2020,6:00 PM,Unassigned,-,-,0,0,77
4/4/2020,6:00 PM,Andhra Pradesh,-,-,1,1,161
4/4/2020,6:00 PM,Andaman and Nicobar Islands,-,-,0,0,10
4/4/2020,6:00 PM,Arunachal Pradesh,-,-,0,0,1
4/4/2020,6:00 PM,Assam,-,-,0,0,24
4/4/2020,6:00 PM,Bihar,-,-,0,1,30
4/4/2020,6:00 PM,Chandigarh,-,-,0,0,18
4/4/2020,6:00 PM,Chhattisgarh,-,-,3,0,9
4/4/2020,6:00 PM,Delhi,-,-,15,6,445
4/4/2020,6:00 PM,Goa,-,-,0,0,7
4/4/2020,6:00 PM,Gujarat,-,-,14,10,105
4/4/2020,6:00 PM,Haryana,-,-,24,0,49
4/4/2020,6:00 PM,Himachal Pradesh,-,-,1,1,6
4/4/2020,6:00 PM,Jammu and Kashmir,-,-,3,2,75
4/4/2020,6:00 PM,Jharkhand,-,-,0,0,2
4/4/2020,6:00 PM,Karnataka,-,-,12,3,128
4/4/2020,6:00 PM,Kerala,-,-,41,2,295
4/4/2020,6:00 PM,Ladakh,-,-,3,0,14
4/4/2020,6:00 PM,Madhya Pradesh,-,-,0,6,104
4/4/2020,6:00 PM,Maharashtra,-,-,42,24,490
4/4/2020,6:00 PM,Manipur,-,-,0,0,2
4/4/2020,6:00 PM,Mizoram,-,-,0,0,1
4/4/2020,6:00 PM,Odisha,-,-,0,0,5
4/4/2020,6:00 PM,Puducherry,-,-,1,0,5
4/4/2020,6:00 PM,Punjab,-,-,1,5,57
4/4/2020,6:00 PM,Rajasthan,-,-,21,0,200
4/4/2020,6:00 PM,Tamil Nadu,-,-,6,2,411
4/4/2020,6:00 PM,Telengana,-,-,1,7,159
4/4/2020,6:00 PM,Uttarakhand,-,-,2,0,16
4/4/2020,6:00 PM,Uttar Pradesh,-,-,19,2,174
4/4/2020,6:00 PM,West Bengal,-,-,3,3,69
5/4/2020,6:00 PM,Andhra Pradesh,-,-,1,1,190
5/4/2020,6:00 PM,Andaman and Nicobar Islands,-,-,0,0,10
5/4/2020,6:00 PM,Arunachal Pradesh,-,-,0,0,1
5/4/2020,6:00 PM,Assam,-,-,0,0,26
5/4/2020,6:00 PM,Bihar,-,-,0,1,30
5/4/2020,6:00 PM,Chandigarh,-,-,0,0,18
5/4/2020,6:00 PM,Chhattisgarh,-,-,3,0,9
5/4/2020,6:00 PM,Delhi,-,-,18,7,503
5/4/2020,6:00 PM,Goa,-,-,0,0,7
5/4/2020,6:00 PM,Gujarat,-,-,18,11,122
5/4/2020,6:00 PM,Haryana,-,-,25,1,59
5/4/2020,6:00 PM,Himachal Pradesh,-,-,1,1,6
5/4/2020,6:00 PM,Jammu and Kashmir,-,-,4,2,106
5/4/2020,6:00 PM,Jharkhand,-,-,0,0,3
5/4/2020,6:00 PM,Karnataka,-,-,12,4,144
5/4/2020,6:00 PM,Kerala,-,-,49,2,306
5/4/2020,6:00 PM,Ladakh,-,-,10,0,14
5/4/2020,6:00 PM,Madhya Pradesh,-,-,0,9,165
5/4/2020,6:00 PM,Maharashtra,-,-,42,24,490
5/4/2020,6:00 PM,Manipur,-,-,0,0,2
5/4/2020,6:00 PM,Mizoram,-,-,0,0,1
5/4/2020,6:00 PM,Odisha,-,-,0,0,20
5/4/2020,6:00 PM,Puducherry,-,-,1,0,5
5/4/2020,6:00 PM,Punjab,-,-,1,5,57
5/4/2020,6:00 PM,Rajasthan,-,-,21,0,200
5/4/2020,6:00 PM,Tamil Nadu,-,-,6,3,485
5/4/2020,6:00 PM,Telengana,-,-,32,7,269
5/4/2020,6:00 PM,Uttarakhand,-,-,2,0,22
5/4/2020,6:00 PM,Uttar Pradesh,-,-,19,2,227
5/4/2020,6:00 PM,West Bengal,-,-,10,3,80
6/4/2020,6:00 PM,Andhra Pradesh,-,-,1,3,226
6/4/2020,6:00 PM,Andaman and Nicobar Islands,-,-,0,0,10
6/4/2020,6:00 PM,Arunachal Pradesh,-,-,0,0,1
6/4/2020,6:00 PM,Assam,-,-,0,0,26
6/4/2020,6:00 PM,Bihar,-,-,0,1,32
6/4/2020,6:00 PM,Chandigarh,-,-,0,0,18
6/4/2020,6:00 PM,Chhattisgarh,-,-,8,0,10
6/4/2020,6:00 PM,Delhi,-,-,19,7,523
6/4/2020,6:00 PM,Goa,-,-,0,0,7
6/4/2020,6:00 PM,Gujarat,-,-,22,12,144
6/4/2020,6:00 PM,Haryana,-,-,25,1,84
6/4/2020,6:00 PM,Himachal Pradesh,-,-,2,1,13
6/4/2020,6:00 PM,Jammu and Kashmir,-,-,4,2,109
6/4/2020,6:00 PM,Jharkhand,-,-,0,0,4
6/4/2020,6:00 PM,Karnataka,-,-,12,4,151
6/4/2020,6:00 PM,Kerala,-,-,55,2,314
6/4/2020,6:00 PM,Ladakh,-,-,10,0,14
6/4/2020,6:00 PM,Madhya Pradesh,-,-,0,9,165
6/4/2020,6:00 PM,Maharashtra,-,-,56,45,748
6/4/2020,6:00 PM,Manipur,-,-,0,0,2
6/4/2020,6:00 PM,Mizoram,-,-,0,0,1
6/4/2020,6:00 PM,Odisha,-,-,2,0,21
6/4/2020,6:00 PM,Puducherry,-,-,1,0,5
6/4/2020,6:00 PM,Punjab,-,-,4,6,76
6/4/2020,6:00 PM,Rajasthan,-,-,21,0,274
6/4/2020,6:00 PM,Tamil Nadu,-,-,8,5,571
6/4/2020,6:00 PM,Telengana,-,-,34,7,321
6/4/2020,6:00 PM,Uttarakhand,-,-,4,0,26
6/4/2020,6:00 PM,Uttar Pradesh,-,-,21,3,305
6/4/2020,6:00 PM,West Bengal,-,-,10,3,80
7/4/2020,6:00 PM,Andhra Pradesh,-,-,1,3,266
7/4/2020,6:00 PM,Andaman and Nicobar Islands,-,-,0,0,10
7/4/2020,6:00 PM,Arunachal Pradesh,-,-,0,0,1
7/4/2020,6:00 PM,Assam,-,-,0,0,26
7/4/2020,6:00 PM,Bihar,-,-,0,1,32
7/4/2020,6:00 PM,Chandigarh,-,-,7,0,18
7/4/2020,6:00 PM,Chhattisgarh,-,-,9,0,10
7/4/2020,6:00 PM,Delhi,-,-,21,7,576
7/4/2020,6:00 PM,Goa,-,-,0,0,7
7/4/2020,6:00 PM,Gujarat,-,-,25,13,165
7/4/2020,6:00 PM,Haryana,-,-,25,1,90
7/4/2020,6:00 PM,Himachal Pradesh,-,-,2,1,13
7/4/2020,6:00 PM,Jammu and Kashmir,-,-,4,2,116
7/4/2020,6:00 PM,Jharkhand,-,-,0,0,4
7/4/2020,6:00 PM,Karnataka,-,-,25,4,175
7/4/2020,6:00 PM,Kerala,-,-,58,2,327
7/4/2020,6:00 PM,Ladakh,-,-,10,0,14
7/4/2020,6:00 PM,Madhya Pradesh,-,-,0,13,229
7/4/2020,6:00 PM,Maharashtra,-,-,56,48,868
7/4/2020,6:00 PM,Manipur,-,-,0,0,2
7/4/2020,6:00 PM,Mizoram,-,-,0,0,1
7/4/2020,6:00 PM,Odisha,-,-,2,1,42
7/4/2020,6:00 PM,Puducherry,-,-,1,0,5
7/4/2020,6:00 PM,Punjab,-,-,4,7,91
7/4/2020,6:00 PM,Rajasthan,-,-,21,3,288
7/4/2020,6:00 PM,Tamil Nadu,-,-,8,5,621
7/4/2020,6:00 PM,Telengana,-,-,35,7,364
7/4/2020,6:00 PM,Tripura,-,-,0,0,1
7/4/2020,6:00 PM,Uttarakhand,-,-,5,0,31
7/4/2020,6:00 PM,Uttar Pradesh,-,-,21,3,305
7/4/2020,6:00 PM,West Bengal,-,-,13,3,91
8/4/2020,5:00 PM,Andhra Pradesh,-,-,5,4,305
8/4/2020,5:00 PM,Andaman and Nicobar Islands,-,-,0,0,10
8/4/2020,5:00 PM,Arunachal Pradesh,-,-,0,0,1
8/4/2020,5:00 PM,Assam,-,-,0,0,27
8/4/2020,5:00 PM,Bihar,-,-,0,1,38
8/4/2020,5:00 PM,Chandigarh,-,-,7,0,18
8/4/2020,5:00 PM,Chhattisgarh,-,-,9,0,10
8/4/2020,5:00 PM,Delhi,-,-,21,9,576
8/4/2020,5:00 PM,Goa,-,-,0,0,7
8/4/2020,5:00 PM,Gujarat,-,-,25,13,165
8/4/2020,5:00 PM,Haryana,-,-,28,3,147
8/4/2020,5:00 PM,Himachal Pradesh,-,-,2,1,18
8/4/2020,5:00 PM,Jammu and Kashmir,-,-,4,2,116
8/4/2020,5:00 PM,Jharkhand,-,-,0,0,4
8/4/2020,5:00 PM,Karnataka,-,-,25,4,175
8/4/2020,5:00 PM,Kerala,-,-,70,2,336
8/4/2020,5:00 PM,Ladakh,-,-,10,0,14
8/4/2020,5:00 PM,Madhya Pradesh,-,-,0,13,229
8/4/2020,5:00 PM,Maharashtra,-,-,79,64,1018
8/4/2020,5:00 PM,Manipur,-,-,0,0,2
8/4/2020,5:00 PM,Mizoram,-,-,0,0,1
8/4/2020,5:00 PM,Odisha,-,-,2,1,42
8/4/2020,5:00 PM,Puducherry,-,-,1,0,5
8/4/2020,5:00 PM,Punjab,-,-,4,7,91
8/4/2020,5:00 PM,Rajasthan,-,-,21,3,328
8/4/2020,5:00 PM,Tamil Nadu,-,-,19,7,690
8/4/2020,5:00 PM,Telengana,-,-,35,7,427
8/4/2020,5:00 PM,Tripura,-,-,0,0,1
8/4/2020,5:00 PM,Uttarakhand,-,-,5,0,31
8/4/2020,5:00 PM,Uttar Pradesh,-,-,26,3,343
8/4/2020,5:00 PM,West Bengal,-,-,13,5,99
9/4/2020,5:00 PM,Andhra Pradesh,-,-,6,4,348
9/4/2020,5:00 PM,Andaman and Nicobar Islands,-,-,0,0,11
9/4/2020,5:00 PM,Arunachal Pradesh,-,-,0,0,1
9/4/2020,5:00 PM,Assam,-,-,0,0,28
9/4/2020,5:00 PM,Bihar,-,-,0,1,39
9/4/2020,5:00 PM,Chandigarh,-,-,7,0,18
9/4/2020,5:00 PM,Chhattisgarh,-,-,9,0,10
9/4/2020,5:00 PM,Delhi,-,-,21,9,669
9/4/2020,5:00 PM,Goa,-,-,0,0,7
9/4/2020,5:00 PM,Gujarat,-,-,25,16,179
9/4/2020,5:00 PM,Haryana,-,-,29,3,169
9/4/2020,5:00 PM,Himachal Pradesh,-,-,2,1,18
9/4/2020,5:00 PM,Jammu and Kashmir,-,-,4,4,158
9/4/2020,5:00 PM,Jharkhand,-,-,0,0,13
9/4/2020,5:00 PM,Karnataka,-,-,28,5,181
9/4/2020,5:00 PM,Kerala,-,-,83,2,345
9/4/2020,5:00 PM,Ladakh,-,-,10,0,14
9/4/2020,5:00 PM,Madhya Pradesh,-,-,0,16,259
9/4/2020,5:00 PM,Maharashtra,-,-,117,72,1135
9/4/2020,5:00 PM,Manipur,-,-,1,0,2
9/4/2020,5:00 PM,Mizoram,-,-,0,0,1
9/4/2020,5:00 PM,Odisha,-,-,2,1,42
9/4/2020,5:00 PM,Puducherry,-,-,1,0,5
9/4/2020,5:00 PM,Punjab,-,-,4,8,101
9/4/2020,5:00 PM,Rajasthan,-,-,21,3,383
9/4/2020,5:00 PM,Tamil Nadu,-,-,21,8,738
9/4/2020,5:00 PM,Telengana,-,-,35,7,442
9/4/2020,5:00 PM,Tripura,-,-,0,0,1
9/4/2020,5:00 PM,Uttarakhand,-,-,5,0,35
9/4/2020,5:00 PM,Uttar Pradesh,-,-,31,4,410
9/4/2020,5:00 PM,West Bengal,-,-,16,5,103
10/4/2020,5:00 PM,Andhra Pradesh,-,-,7,6,363
10/4/2020,5:00 PM,Andaman and Nicobar Islands,-,-,0,0,11
10/4/2020,5:00 PM,Arunachal Pradesh,-,-,0,0,1
10/4/2020,5:00 PM,Assam,-,-,0,0,29
10/4/2020,5:00 PM,Bihar,-,-,0,1,60
10/4/2020,5:00 PM,Chandigarh,-,-,7,0,18
10/4/2020,5:00 PM,Chhattisgarh,-,-,9,0,10
10/4/2020,5:00 PM,Delhi,-,-,25,13,898
10/4/2020,5:00 PM,Goa,-,-,1,0,7
10/4/2020,5:00 PM,Gujarat,-,-,26,17,241
10/4/2020,5:00 PM,Haryana,-,-,29,3,169
10/4/2020,5:00 PM,Himachal Pradesh,-,-,6,1,28
10/4/2020,5:00 PM,Jammu and Kashmir,-,-,6,4,184
10/4/2020,5:00 PM,Jharkhand,-,-,0,1,13
10/4/2020,5:00 PM,Karnataka,-,-,30,6,197
10/4/2020,5:00 PM,Kerala,-,-,96,2,357
10/4/2020,5:00 PM,Ladakh,-,-,10,0,15
10/4/2020,5:00 PM,Madhya Pradesh,-,-,0,16,259
10/4/2020,5:00 PM,Maharashtra,-,-,125,97,1364
10/4/2020,5:00 PM,Manipur,-,-,1,0,2
10/4/2020,5:00 PM,Mizoram,-,-,0,0,1
10/4/2020,5:00 PM,Odisha,-,-,2,1,44
10/4/2020,5:00 PM,Puducherry,-,-,1,0,5
10/4/2020,5:00 PM,Punjab,-,-,5,11,132
10/4/2020,5:00 PM,Rajasthan,-,-,21,3,463
10/4/2020,5:00 PM,Tamil Nadu,-,-,21,8,834
10/4/2020,5:00 PM,Telengana,-,-,35,7,473
10/4/2020,5:00 PM,Tripura,-,-,0,0,1
10/4/2020,5:00 PM,Uttarakhand,-,-,5,0,35
10/4/2020,5:00 PM,Uttar Pradesh,-,-,32,4,431
10/4/2020,5:00 PM,West Bengal,-,-,16,5,116
11/4/2020,5:00 PM,Andhra Pradesh,-,-,11,6,381
11/4/2020,5:00 PM,Andaman and Nicobar Islands,-,-,0,0,11
11/4/2020,5:00 PM,Arunachal Pradesh,-,-,0,0,1
11/4/2020,5:00 PM,Assam,-,-,0,1,29
11/4/2020,5:00 PM,Bihar,-,-,0,1,60
11/4/2020,5:00 PM,Chandigarh,-,-,7,0,18
11/4/2020,5:00 PM,Chhattisgarh,-,-,9,0,18
11/4/2020,5:00 PM,Delhi,-,-,25,14,903
11/4/2020,5:00 PM,Goa,-,-,1,0,7
11/4/2020,5:00 PM,Gujarat,-,-,31,19,308
11/4/2020,5:00 PM,Haryana,-,-,29,3,177
11/4/2020,5:00 PM,Himachal Pradesh,-,-,6,1,28
11/4/2020,5:00 PM,Jammu and Kashmir,-,-,6,4,207
11/4/2020,5:00 PM,Jharkhand,-,-,0,1,17
11/4/2020,5:00 PM,Karnataka,-,-,37,6,214
11/4/2020,5:00 PM,Kerala,-,-,123,2,364
11/4/2020,5:00 PM,Ladakh,-,-,10,0,15
11/4/2020,5:00 PM,Madhya Pradesh,-,-,0,33,443
11/4/2020,5:00 PM,Maharashtra,-,-,188,110,1574
11/4/2020,5:00 PM,Manipur,-,-,1,0,2
11/4/2020,5:00 PM,Mizoram,-,-,0,0,1
11/4/2020,5:00 PM,Odisha,-,-,2,1,48
11/4/2020,5:00 PM,Puducherry,-,-,1,0,7
11/4/2020,5:00 PM,Punjab,-,-,5,11,132
11/4/2020,5:00 PM,Rajasthan,-,-,21,3,553
11/4/2020,5:00 PM,Tamil Nadu,-,-,44,8,911
11/4/2020,5:00 PM,Telengana,-,-,43,9,504
11/4/2020,5:00 PM,Tripura,-,-,0,0,2
11/4/2020,5:00 PM,Uttarakhand,-,-,5,0,35
11/4/2020,5:00 PM,Uttar Pradesh,-,-,32,4,433
11/4/2020,5:00 PM,West Bengal,-,-,16,5,126
12/4/2020,5:00 PM,Andhra Pradesh,-,-,11,6,381
12/4/2020,5:00 PM,Andaman and Nicobar Islands,-,-,10,0,11
12/4/2020,5:00 PM,Arunachal Pradesh,-,-,0,0,1
12/4/2020,5:00 PM,Assam,-,-,0,1,29
12/4/2020,5:00 PM,Bihar,-,-,19,1,64
12/4/2020,5:00 PM,Chandigarh,-,-,7,0,19
12/4/2020,5:00 PM,Chhattisgarh,-,-,10,0,25
12/4/2020,5:00 PM,Delhi,-,-,25,19,1069
12/4/2020,5:00 PM,Goa,-,-,5,0,7
12/4/2020,5:00 PM,Gujarat,-,-,44,22,432
12/4/2020,5:00 PM,Haryana,-,-,29,3,185
12/4/2020,5:00 PM,Himachal Pradesh,-,-,6,1,32
12/4/2020,5:00 PM,Jammu and Kashmir,-,-,6,4,224
12/4/2020,5:00 PM,Jharkhand,-,-,0,1,17
12/4/2020,5:00 PM,Karnataka,-,-,37,6,226
12/4/2020,5:00 PM,Kerala,-,-,142,2,374
12/4/2020,5:00 PM,Ladakh,-,-,10,0,15
12/4/2020,5:00 PM,Madhya Pradesh,-,-,0,36,564
12/4/2020,5:00 PM,Maharashtra,-,-,208,127,1761
12/4/2020,5:00 PM,Manipur,-,-,1,0,2
12/4/2020,5:00 PM,Mizoram,-,-,0,0,1
12/4/2020,5:00 PM,Odisha,-,-,12,1,54
12/4/2020,5:00 PM,Puducherry,-,-,1,0,7
12/4/2020,5:00 PM,Punjab,-,-,5,11,151
12/4/2020,5:00 PM,Rajasthan,-,-,21,3,700
12/4/2020,5:00 PM,Tamil Nadu,-,-,44,10,969
12/4/2020,5:00 PM,Telengana,-,-,43,9,504
12/4/2020,5:00 PM,Tripura,-,-,0,0,2
12/4/2020,5:00 PM,Uttarakhand,-,-,5,0,35
12/4/2020,5:00 PM,Uttar Pradesh,-,-,45,5,452
12/4/2020,5:00 PM,West Bengal,-,-,19,5,134
13/04/20,5:00 PM,Andhra Pradesh,-,-,11,7,432
13/04/20,5:00 PM,Andaman and Nicobar Islands,-,-,10,0,11
13/04/20,5:00 PM,Arunachal Pradesh,-,-,0,0,1
13/04/20,5:00 PM,Assam,-,-,0,1,31
13/04/20,5:00 PM,Bihar,-,-,26,1,64
13/04/20,5:00 PM,Chandigarh,-,-,7,0,21
13/04/20,5:00 PM,Chhattisgarh,-,-,10,0,31
13/04/20,5:00 PM,Delhi,-,-,27,24,1154
13/04/20,5:00 PM,Goa,-,-,5,0,7
13/04/20,5:00 PM,Gujarat,-,-,47,26,539
13/04/20,5:00 PM,Haryana,-,-,29,3,185
13/04/20,5:00 PM,Himachal Pradesh,-,-,13,1,32
13/04/20,5:00 PM,Jammu and Kashmir,-,-,6,4,245
13/04/20,5:00 PM,Jharkhand,-,-,0,2,19
13/04/20,5:00 PM,Karnataka,-,-,59,6,247
13/04/20,5:00 PM,Kerala,-,-,179,3,376
13/04/20,5:00 PM,Ladakh,-,-,10,0,15
13/04/20,5:00 PM,Madhya Pradesh,-,-,44,43,604
13/04/20,5:00 PM,Maharashtra,-,-,217,149,1985
13/04/20,5:00 PM,Manipur,-,-,1,0,2
13/04/20,5:00 PM,Mizoram,-,-,0,0,1
13/04/20,5:00 PM,Nagaland,-,-,0,0,1
13/04/20,5:00 PM,Odisha,-,-,12,1,54
13/04/20,5:00 PM,Puducherry,-,-,1,0,7
13/04/20,5:00 PM,Punjab,-,-,14,11,167
13/04/20,5:00 PM,Rajasthan,-,-,21,3,812
13/04/20,5:00 PM,Tamil Nadu,-,-,50,11,1075
13/04/20,5:00 PM,Telengana,-,-,100,16,562
13/04/20,5:00 PM,Tripura,-,-,0,0,2
13/04/20,5:00 PM,Uttarakhand,-,-,5,0,35
13/04/20,5:00 PM,Uttar Pradesh,-,-,47,5,483
13/04/20,5:00 PM,West Bengal,-,-,29,7,152
14/04/20,5:00 PM,Andhra Pradesh,-,-,14,9,473
14/04/20,5:00 PM,Andaman and Nicobar Islands,-,-,10,0,11
14/04/20,5:00 PM,Arunachal Pradesh,-,-,0,0,1
14/04/20,5:00 PM,Assam,-,-,0,1,31
14/04/20,5:00 PM,Bihar,-,-,26,1,66
14/04/20,5:00 PM,Chandigarh,-,-,7,0,21
14/04/20,5:00 PM,Chhattisgarh,-,-,10,0,31
14/04/20,5:00 PM,Delhi,-,-,30,28,1510
14/04/20,5:00 PM,Goa,-,-,5,0,7
14/04/20,5:00 PM,Gujarat,-,-,55,26,617
14/04/20,5:00 PM,Haryana,-,-,34,3,199
14/04/20,5:00 PM,Himachal Pradesh,-,-,13,1,32
14/04/20,5:00 PM,Jammu and Kashmir,-,-,16,4,270
14/04/20,5:00 PM,Jharkhand,-,-,0,2,24
14/04/20,5:00 PM,Karnataka,-,-,65,9,258
14/04/20,5:00 PM,Kerala,-,-,198,3,379
14/04/20,5:00 PM,Ladakh,-,-,10,0,15
14/04/20,5:00 PM,Madhya Pradesh,-,-,51,50,730
14/04/20,5:00 PM,Maharashtra,-,-,229,160,2337
14/04/20,5:00 PM,Manipur,-,-,1,0,2
14/04/20,5:00 PM,Meghalaya,-,-,0,0,1
14/04/20,5:00 PM,Mizoram,-,-,0,0,1
14/04/20,5:00 PM,Nagaland,-,-,0,0,1
14/04/20,5:00 PM,Odisha,-,-,18,1,55
14/04/20,5:00 PM,Puducherry,-,-,1,0,7
14/04/20,5:00 PM,Punjab,-,-,14,12,176
14/04/20,5:00 PM,Rajasthan,-,-,133,3,879
14/04/20,5:00 PM,Tamil Nadu,-,-,58,11,1173
14/04/20,5:00 PM,Telengana,-,-,100,17,624
14/04/20,5:00 PM,Tripura,-,-,0,0,2
14/04/20,5:00 PM,Uttarakhand,-,-,7,0,35
14/04/20,5:00 PM,Uttar Pradesh,-,-,49,5,657
14/04/20,5:00 PM,West Bengal,-,-,36,7,190
15/04/20,5:00 PM,Andaman and Nicobar Islands,-,-,10,0,11
15/04/20,5:00 PM,Andhra Pradesh,-,-,16,9,503
15/04/20,5:00 PM,Arunachal Pradesh,-,-,0,0,1
15/04/20,5:00 PM,Assam,-,-,0,1,33
15/04/20,5:00 PM,Bihar,-,-,29,1,70
15/04/20,5:00 PM,Chandigarh,-,-,7,0,21
15/04/20,5:00 PM,Chhattisgarh,-,-,13,0,33
15/04/20,5:00 PM,Delhi,-,-,30,30,1561
15/04/20,5:00 PM,Goa,-,-,5,0,7
15/04/20,5:00 PM,Gujarat,-,-,59,30,695
15/04/20,5:00 PM,Haryana,-,-,34,3,199
15/04/20,5:00 PM,Himachal Pradesh,-,-,13,1,33
15/04/20,5:00 PM,Jammu and Kashmir,-,-,30,4,278
15/04/20,5:00 PM,Jharkhand,-,-,0,2,27
15/04/20,5:00 PM,Karnataka,-,-,75,11,277
15/04/20,5:00 PM,Kerala,-,-,211,3,387
15/04/20,5:00 PM,Ladakh,-,-,10,0,17
15/04/20,5:00 PM,Madhya Pradesh,-,-,64,53,987
15/04/20,5:00 PM,Maharashtra,-,-,259,178,2687
15/04/20,5:00 PM,Manipur,-,-,1,0,2
15/04/20,5:00 PM,Meghalaya,-,-,0,1,7
15/04/20,5:00 PM,Mizoram,-,-,0,0,1
15/04/20,5:00 PM,Nagaland#,-,-,0,0,0
15/04/20,5:00 PM,Odisha,-,-,18,1,60
15/04/20,5:00 PM,Puducherry,-,-,1,0,7
15/04/20,5:00 PM,Punjab,-,-,14,13,186
15/04/20,5:00 PM,Rajasthan,-,-,147,3,1005
15/04/20,5:00 PM,Tamil Nadu,-,-,81,12,1204
15/04/20,5:00 PM,Telengana,-,-,120,18,647
15/04/20,5:00 PM,Tripura,-,-,0,0,2
15/04/20,5:00 PM,Uttarakhand,-,-,9,0,37
15/04/20,5:00 PM,Uttar Pradesh,-,-,51,11,735
15/04/20,5:00 PM,West Bengal,-,-,37,7,213
16/04/20,5:00 PM,Andaman and Nicobar Islands,-,-,10,0,11
16/04/20,5:00 PM,Andhra Pradesh,-,-,20,14,534
16/04/20,5:00 PM,Arunachal Pradesh,-,-,0,0,1
16/04/20,5:00 PM,Assam,-,-,5,1,33
16/04/20,5:00 PM,Bihar,-,-,29,1,74
16/04/20,5:00 PM,Chandigarh,-,-,7,0,21
16/04/20,5:00 PM,Chhattisgarh,-,-,17,0,33
16/04/20,5:00 PM,Delhi,-,-,42,32,1578
16/04/20,5:00 PM,Goa,-,-,5,0,7
16/04/20,5:00 PM,Gujarat,-,-,64,36,871
16/04/20,5:00 PM,Haryana,-,-,43,3,205
16/04/20,5:00 PM,Himachal Pradesh,-,-,16,1,35
16/04/20,5:00 PM,Jammu and Kashmir,-,-,36,4,300
16/04/20,5:00 PM,Jharkhand,-,-,0,2,28
16/04/20,5:00 PM,Karnataka,-,-,82,13,315
16/04/20,5:00 PM,Kerala,-,-,218,3,388
16/04/20,5:00 PM,Ladakh,-,-,10,0,17
16/04/20,5:00 PM,Madhya Pradesh,-,-,64,53,1120
16/04/20,5:00 PM,Maharashtra,-,-,295,187,2919
16/04/20,5:00 PM,Manipur,-,-,1,0,2
16/04/20,5:00 PM,Meghalaya,-,-,0,1,7
16/04/20,5:00 PM,Mizoram,-,-,0,0,1
16/04/20,5:00 PM,Nagaland#,-,-,0,0,0
16/04/20,5:00 PM,Odisha,-,-,18,1,60
16/04/20,5:00 PM,Puducherry,-,-,1,0,7
16/04/20,5:00 PM,Punjab,-,-,27,13,186
16/04/20,5:00 PM,Rajasthan,-,-,147,3,1023
16/04/20,5:00 PM,Tamil Nadu,-,-,118,14,1242
16/04/20,5:00 PM,Telengana,-,-,120,18,698
16/04/20,5:00 PM,Tripura,-,-,1,0,2
16/04/20,5:00 PM,Uttarakhand,-,-,9,0,37
16/04/20,5:00 PM,Uttar Pradesh,-,-,68,13,773
16/04/20,5:00 PM,West Bengal,-,-,42,7,231
17/04/20,5:00 PM,Andaman and Nicobar Islands,-,-,10,0,11
17/04/20,5:00 PM,Andhra Pradesh,-,-,36,14,572
17/04/20,5:00 PM,Arunachal Pradesh,-,-,0,0,1
17/04/20,5:00 PM,Assam,-,-,5,1,35
17/04/20,5:00 PM,Bihar,-,-,37,1,83
17/04/20,5:00 PM,Chandigarh,-,-,9,0,21
17/04/20,5:00 PM,Chhattisgarh,-,-,23,0,36
17/04/20,5:00 PM,Delhi,-,-,51,38,1640
17/04/20,5:00 PM,Goa,-,-,6,0,7
17/04/20,5:00 PM,Gujarat,-,-,74,38,1021
17/04/20,5:00 PM,Haryana,-,-,43,3,205
17/04/20,5:00 PM,Himachal Pradesh,-,-,16,1,35
17/04/20,5:00 PM,Jammu and Kashmir,-,-,38,4,314
17/04/20,5:00 PM,Jharkhand,-,-,0,2,29
17/04/20,5:00 PM,Karnataka,-,-,82,13,353
17/04/20,5:00 PM,Kerala,-,-,245,3,395
17/04/20,5:00 PM,Ladakh,-,-,14,0,18
17/04/20,5:00 PM,Madhya Pradesh,-,-,65,57,1308
17/04/20,5:00 PM,Maharashtra,-,-,300,194,3205
17/04/20,5:00 PM,Manipur,-,-,1,0,2
17/04/20,5:00 PM,Meghalaya,-,-,0,1,9
17/04/20,5:00 PM,Mizoram,-,-,0,0,1
17/04/20,5:00 PM,Nagaland#,-,-,0,0,0
17/04/20,5:00 PM,Odisha,-,-,19,1,60
17/04/20,5:00 PM,Puducherry,-,-,1,0,7
17/04/20,5:00 PM,Punjab,-,-,27,13,186
17/04/20,5:00 PM,Rajasthan,-,-,164,11,1131
17/04/20,5:00 PM,Tamil Nadu,-,-,180,15,1267
17/04/20,5:00 PM,Telengana,-,-,186,18,743
17/04/20,5:00 PM,Tripura,-,-,1,0,2
17/04/20,5:00 PM,Uttarakhand,-,-,9,0,37
17/04/20,5:00 PM,Uttar Pradesh,-,-,74,14,846
17/04/20,5:00 PM,West Bengal,-,-,51,10,255
18/04/20,5:00 PM,Andaman and Nicobar Islands,-,-,11,0,12
18/04/20,5:00 PM,Andhra Pradesh,-,-,42,15,603
18/04/20,5:00 PM,Arunachal Pradesh,-,-,0,0,1
18/04/20,5:00 PM,Assam,-,-,9,1,35
18/04/20,5:00 PM,Bihar,-,-,37,2,85
18/04/20,5:00 PM,Chandigarh,-,-,9,0,21
18/04/20,5:00 PM,Chhattisgarh,-,-,24,0,36
18/04/20,5:00 PM,Delhi,-,-,72,42,1707
18/04/20,5:00 PM,Goa,-,-,6,0,7
18/04/20,5:00 PM,Gujarat,-,-,88,48,1272
18/04/20,5:00 PM,Haryana,-,-,43,3,225
18/04/20,5:00 PM,Himachal Pradesh,-,-,16,1,38
18/04/20,5:00 PM,Jammu and Kashmir,-,-,42,5,328
18/04/20,5:00 PM,Jharkhand,-,-,0,2,33
18/04/20,5:00 PM,Karnataka,-,-,92,13,371
18/04/20,5:00 PM,Kerala,-,-,255,3,396
18/04/20,5:00 PM,Ladakh,-,-,14,0,18
18/04/20,5:00 PM,Madhya Pradesh,-,-,69,69,1355
18/04/20,5:00 PM,Maharashtra,-,-,331,201,3323
18/04/20,5:00 PM,Manipur,-,-,1,0,2
18/04/20,5:00 PM,Meghalaya,-,-,0,1,11
18/04/20,5:00 PM,Mizoram,-,-,0,0,1
18/04/20,5:00 PM,Nagaland#,-,-,0,0,0
18/04/20,5:00 PM,Odisha,-,-,21,1,60
18/04/20,5:00 PM,Puducherry,-,-,3,0,7
18/04/20,5:00 PM,Punjab,-,-,27,13,202
18/04/20,5:00 PM,Rajasthan,-,-,183,11,1229
18/04/20,5:00 PM,Tamil Nadu,-,-,283,15,1323
18/04/20,5:00 PM,Telengana,-,-,186,18,791
18/04/20,5:00 PM,Tripura,-,-,1,0,2
18/04/20,5:00 PM,Uttarakhand,-,-,9,0,42
18/04/20,5:00 PM,Uttar Pradesh,-,-,86,14,969
18/04/20,5:00 PM,West Bengal,-,-,55,10,287
19/04/20,5:00 PM,Andaman and Nicobar Islands,-,-,11,0,14
19/04/20,5:00 PM,Andhra Pradesh,-,-,42,15,603
19/04/20,5:00 PM,Arunachal Pradesh,-,-,0,0,1
19/04/20,5:00 PM,Assam,-,-,12,1,35
19/04/20,5:00 PM,Bihar,-,-,37,2,86
19/04/20,5:00 PM,Chandigarh,-,-,10,0,23
19/04/20,5:00 PM,Chhattisgarh,-,-,24,0,36
19/04/20,5:00 PM,Delhi,-,-,72,43,1893
19/04/20,5:00 PM,Goa,-,-,6,0,7
19/04/20,5:00 PM,Gujarat,-,-,94,58,1604
19/04/20,5:00 PM,Haryana,-,-,87,3,233
19/04/20,5:00 PM,Himachal Pradesh,-,-,16,1,39
19/04/20,5:00 PM,Jammu and Kashmir,-,-,51,5,341
19/04/20,5:00 PM,Jharkhand,-,-,0,2,35
19/04/20,5:00 PM,Karnataka,-,-,104,14,384
19/04/20,5:00 PM,Kerala,-,-,257,3,400
19/04/20,5:00 PM,Ladakh,-,-,14,0,18
19/04/20,5:00 PM,Madhya Pradesh,-,-,127,70,1407
19/04/20,5:00 PM,Maharashtra,-,-,365,211,3651
19/04/20,5:00 PM,Manipur,-,-,1,0,2
19/04/20,5:00 PM,Meghalaya,-,-,0,1,11
19/04/20,5:00 PM,Mizoram,-,-,0,0,1
19/04/20,5:00 PM,Nagaland#,-,-,0,0,0
19/04/20,5:00 PM,Odisha,-,-,24,1,61
19/04/20,5:00 PM,Puducherry,-,-,3,0,7
19/04/20,5:00 PM,Punjab,-,-,31,16,219
19/04/20,5:00 PM,Rajasthan,-,-,183,11,1351
19/04/20,5:00 PM,Tamil Nadu,-,-,365,15,1372
19/04/20,5:00 PM,Telengana,-,-,186,18,844
19/04/20,5:00 PM,Tripura,-,-,1,0,2
19/04/20,5:00 PM,Uttarakhand,-,-,9,0,42
19/04/20,5:00 PM,Uttar Pradesh,-,-,108,17,1084
19/04/20,5:00 PM,West Bengal,-,-,62,12,310
20/04/20,5:00 PM,Andaman and Nicobar Islands,-,-,11,0,15
20/04/20,5:00 PM,Andhra Pradesh,-,-,92,20,722
20/04/20,5:00 PM,Arunachal Pradesh,-,-,0,0,1
20/04/20,5:00 PM,Assam,-,-,17,1,35
20/04/20,5:00 PM,Bihar,-,-,42,2,96
20/04/20,5:00 PM,Chandigarh,-,-,13,0,26
20/04/20,5:00 PM,Chhattisgarh,-,-,25,0,36
20/04/20,5:00 PM,Delhi,-,-,290,45,2003
20/04/20,5:00 PM,Goa,-,-,7,0,7
20/04/20,5:00 PM,Gujarat,-,-,106,67,1851
20/04/20,5:00 PM,Haryana,-,-,87,3,233
20/04/20,5:00 PM,Himachal Pradesh,-,-,16,1,39
20/04/20,5:00 PM,Jammu and Kashmir,-,-,56,5,350
20/04/20,5:00 PM,Jharkhand,-,-,0,2,42
20/04/20,5:00 PM,Karnataka,-,-,111,16,395
20/04/20,5:00 PM,Kerala,-,-,270,3,402
20/04/20,5:00 PM,Ladakh,-,-,14,0,18
20/04/20,5:00 PM,Madhya Pradesh,-,-,127,74,1485
20/04/20,5:00 PM,Maharashtra,-,-,507,223,4203
20/04/20,5:00 PM,Manipur,-,-,2,0,2
20/04/20,5:00 PM,Meghalaya,-,-,0,1,11
20/04/20,5:00 PM,Mizoram,-,-,0,0,1
20/04/20,5:00 PM,Nagaland,-,-,0,0,0
20/04/20,5:00 PM,Odisha,-,-,24,1,68
20/04/20,5:00 PM,Puducherry,-,-,3,0,7
20/04/20,5:00 PM,Punjab,-,-,31,16,219
20/04/20,5:00 PM,Rajasthan,-,-,183,14,1478
20/04/20,5:00 PM,Tamil Nadu,-,-,411,15,1477
20/04/20,5:00 PM,Telengana,-,-,190,21,873
20/04/20,5:00 PM,Tripura,-,-,1,0,2
20/04/20,5:00 PM,Uttarakhand,-,-,11,0,44
20/04/20,5:00 PM,Uttar Pradesh,-,-,129,17,1176
20/04/20,5:00 PM,West Bengal,-,-,66,12,339
21/04/20,5:00 PM,Andaman and Nicobar Islands,-,-,11,0,16
21/04/20,5:00 PM,Andhra Pradesh,-,-,96,22,757
21/04/20,5:00 PM,Arunachal Pradesh,-,-,1,0,1
21/04/20,5:00 PM,Assam,-,-,19,1,35
21/04/20,5:00 PM,Bihar,-,-,42,2,114
21/04/20,5:00 PM,Chandigarh,-,-,13,0,26
21/04/20,5:00 PM,Chhattisgarh,-,-,25,0,36
21/04/20,5:00 PM,Delhi,-,-,431,47,2081
21/04/20,5:00 PM,Goa,-,-,7,0,7
21/04/20,5:00 PM,Gujarat,-,-,131,77,2066
21/04/20,5:00 PM,Haryana,-,-,127,3,254
21/04/20,5:00 PM,Himachal Pradesh,-,-,16,1,39
21/04/20,5:00 PM,Jammu and Kashmir,-,-,71,5,368
21/04/20,5:00 PM,Jharkhand,-,-,0,2,46
21/04/20,5:00 PM,Karnataka,-,-,114,17,415
21/04/20,5:00 PM,Kerala,-,-,291,3,408
21/04/20,5:00 PM,Ladakh,-,-,14,0,18
21/04/20,5:00 PM,Madhya Pradesh,-,-,127,76,1540
21/04/20,5:00 PM,Maharashtra,-,-,572,232,4669
21/04/20,5:00 PM,Manipur,-,-,2,0,2
21/04/20,5:00 PM,Meghalaya,-,-,0,1,11
21/04/20,5:00 PM,Mizoram,-,-,0,0,1
21/04/20,5:00 PM,Nagaland,-,-,0,0,0
21/04/20,5:00 PM,Odisha,-,-,24,1,74
21/04/20,5:00 PM,Puducherry,-,-,3,0,7
21/04/20,5:00 PM,Punjab,-,-,39,16,245
21/04/20,5:00 PM,Rajasthan,-,-,205,25,1576
21/04/20,5:00 PM,Tamil Nadu,-,-,457,17,1520
21/04/20,5:00 PM,Telengana,-,-,190,23,919
21/04/20,5:00 PM,Tripura,-,-,1,0,2
21/04/20,5:00 PM,Uttarakhand,-,-,18,0,46
21/04/20,5:00 PM,Uttar Pradesh,-,-,140,20,1294
21/04/20,5:00 PM,West Bengal,-,-,73,12,392
22/04/20,5:00 PM,Andaman and Nicobar Islands,-,-,11,0,17
22/04/20,5:00 PM,Andhra Pradesh,-,-,120,24,813
22/04/20,5:00 PM,Arunachal Pradesh,-,-,1,0,1
22/04/20,5:00 PM,Assam,-,-,19,1,35
22/04/20,5:00 PM,Bihar,-,-,46,2,126
22/04/20,5:00 PM,Chandigarh,-,-,14,0,27
22/04/20,5:00 PM,Chhattisgarh,-,-,26,0,36
22/04/20,5:00 PM,Delhi,-,-,611,47,2156
22/04/20,5:00 PM,Goa,-,-,7,0,7
22/04/20,5:00 PM,Gujarat,-,-,144,95,2272
22/04/20,5:00 PM,Haryana,-,-,127,3,254
22/04/20,5:00 PM,Himachal Pradesh,-,-,16,1,39
22/04/20,5:00 PM,Jammu and Kashmir,-,-,81,5,380
22/04/20,5:00 PM,Jharkhand#,-,-,0,3,45
22/04/20,5:00 PM,Karnataka,-,-,129,17,425
22/04/20,5:00 PM,Kerala,-,-,323,3,427
22/04/20,5:00 PM,Ladakh,-,-,14,0,18
22/04/20,5:00 PM,Madhya Pradesh,-,-,148,80,1592
22/04/20,5:00 PM,Maharashtra,-,-,722,251,5221
22/04/20,5:00 PM,Manipur,-,-,2,0,2
22/04/20,5:00 PM,Meghalaya,-,-,0,1,12
22/04/20,5:00 PM,Mizoram,-,-,0,0,1
22/04/20,5:00 PM,Odisha,-,-,30,1,82
22/04/20,5:00 PM,Puducherry,-,-,3,0,7
22/04/20,5:00 PM,Punjab,-,-,49,16,251
22/04/20,5:00 PM,Rajasthan,-,-,230,25,1801
22/04/20,5:00 PM,Tamil Nadu,-,-,635,18,1596
22/04/20,5:00 PM,Telengana,-,-,194,23,945
22/04/20,5:00 PM,Tripura,-,-,1,0,2
22/04/20,5:00 PM,Uttarakhand,-,-,19,0,46
22/04/20,5:00 PM,Uttar Pradesh,-,-,165,21,1412
22/04/20,5:00 PM,West Bengal,-,-,73,15,423
23/04/20,5:00 PM,Andaman and Nicobar Islands,-,-,11,0,18
23/04/20,5:00 PM,Andhra Pradesh,-,-,141,27,895
23/04/20,5:00 PM,Arunachal Pradesh,-,-,1,0,1
23/04/20,5:00 PM,Assam,-,-,19,1,35
23/04/20,5:00 PM,Bihar,-,-,46,2,148
23/04/20,5:00 PM,Chandigarh,-,-,14,0,27
23/04/20,5:00 PM,Chhattisgarh,-,-,28,0,36
23/04/20,5:00 PM,Delhi,-,-,724,48,2248
23/04/20,5:00 PM,Goa,-,-,7,0,7
23/04/20,5:00 PM,Gujarat,-,-,179,103,2407
23/04/20,5:00 PM,Haryana,-,-,140,3,262
23/04/20,5:00 PM,Himachal Pradesh,-,-,18,1,40
23/04/20,5:00 PM,Jammu and Kashmir,-,-,92,5,407
23/04/20,5:00 PM,Jharkhand,-,-,8,3,49
23/04/20,5:00 PM,Karnataka,-,-,141,17,443
23/04/20,5:00 PM,Kerala,-,-,324,3,438
23/04/20,5:00 PM,Ladakh,-,-,14,0,18
23/04/20,5:00 PM,Madhya Pradesh,-,-,148,81,1695
23/04/20,5:00 PM,Maharashtra,-,-,789,269,5652
23/04/20,5:00 PM,Manipur,-,-,2,0,2
23/04/20,5:00 PM,Meghalaya,-,-,0,1,12
23/04/20,5:00 PM,Mizoram,-,-,0,0,1
23/04/20,5:00 PM,Odisha,-,-,32,1,83
23/04/20,5:00 PM,Puducherry,-,-,3,0,7
23/04/20,5:00 PM,Punjab,-,-,65,16,277
23/04/20,5:00 PM,Rajasthan,-,-,230,27,1890
23/04/20,5:00 PM,Tamil Nadu,-,-,662,18,1629
23/04/20,5:00 PM,Telengana,-,-,197,24,960
23/04/20,5:00 PM,Tripura,-,-,1,0,2
23/04/20,5:00 PM,Uttarakhand,-,-,23,0,46
23/04/20,5:00 PM,Uttar Pradesh,-,-,187,21,1509
23/04/20,5:00 PM,West Bengal,-,-,79,15,456
24/04/20,5:00 PM,Andaman and Nicobar Islands,-,-,11,0,22
24/04/20,5:00 PM,Andhra Pradesh,-,-,145,29,955
24/04/20,5:00 PM,Arunachal Pradesh,-,-,1,0,1
24/04/20,5:00 PM,Assam,-,-,19,1,36
24/04/20,5:00 PM,Bihar,-,-,46,2,176
24/04/20,5:00 PM,Chandigarh,-,-,14,0,27
24/04/20,5:00 PM,Chhattisgarh,-,-,28,0,36
24/04/20,5:00 PM,Delhi,-,-,808,50,2376
24/04/20,5:00 PM,Goa,-,-,7,0,7
24/04/20,5:00 PM,Gujarat,-,-,258,112,2624
24/04/20,5:00 PM,Haryana,-,-,156,3,272
24/04/20,5:00 PM,Himachal Pradesh,-,-,18,1,40
24/04/20,5:00 PM,Jammu and Kashmir,-,-,92,5,427
24/04/20,5:00 PM,Jharkhand,-,-,8,3,55
24/04/20,5:00 PM,Karnataka,-,-,150,18,463
24/04/20,5:00 PM,Kerala,-,-,324,3,448
24/04/20,5:00 PM,Ladakh,-,-,14,0,18
24/04/20,5:00 PM,Madhya Pradesh,-,-,203,83,1852
24/04/20,5:00 PM,Maharashtra,-,-,840,283,6430
24/04/20,5:00 PM,Manipur,-,-,2,0,2
24/04/20,5:00 PM,Meghalaya,-,-,0,1,12
24/04/20,5:00 PM,Mizoram,-,-,0,0,1
24/04/20,5:00 PM,Odisha,-,-,33,1,90
24/04/20,5:00 PM,Puducherry,-,-,3,0,7
24/04/20,5:00 PM,Punjab,-,-,65,16,277
24/04/20,5:00 PM,Rajasthan,-,-,230,27,1964
24/04/20,5:00 PM,Tamil Nadu,-,-,752,20,1683
24/04/20,5:00 PM,Telengana,-,-,253,26,984
24/04/20,5:00 PM,Tripura,-,-,1,0,2
24/04/20,5:00 PM,Uttarakhand,-,-,24,0,47
24/04/20,5:00 PM,Uttar Pradesh,-,-,206,24,1604
24/04/20,5:00 PM,West Bengal,-,-,103,15,514
25/04/20,5:00 PM,Andaman and Nicobar Islands,-,-,11,0,27
25/04/20,5:00 PM,Andhra Pradesh,-,-,171,31,1061
25/04/20,5:00 PM,Arunachal Pradesh,-,-,1,0,1
25/04/20,5:00 PM,Assam,-,-,19,1,36
25/04/20,5:00 PM,Bihar,-,-,46,2,228
25/04/20,5:00 PM,Chandigarh,-,-,15,0,28
25/04/20,5:00 PM,Chhattisgarh,-,-,30,0,36
25/04/20,5:00 PM,Delhi,-,-,857,53,2514
25/04/20,5:00 PM,Goa,-,-,7,0,7
25/04/20,5:00 PM,Gujarat,-,-,265,127,2815
25/04/20,5:00 PM,Haryana,-,-,156,3,272
25/04/20,5:00 PM,Himachal Pradesh,-,-,18,1,40
25/04/20,5:00 PM,Jammu and Kashmir,-,-,109,5,454
25/04/20,5:00 PM,Jharkhand,-,-,9,3,59
25/04/20,5:00 PM,Karnataka,-,-,153,18,489
25/04/20,5:00 PM,Kerala,-,-,331,4,451
25/04/20,5:00 PM,Ladakh,-,-,14,0,20
25/04/20,5:00 PM,Madhya Pradesh,-,-,210,92,1952
25/04/20,5:00 PM,Maharashtra,-,-,957,301,6817
25/04/20,5:00 PM,Manipur,-,-,2,0,2
25/04/20,5:00 PM,Meghalaya,-,-,0,1,12
25/04/20,5:00 PM,Mizoram,-,-,0,0,1
25/04/20,5:00 PM,Odisha,-,-,33,1,94
25/04/20,5:00 PM,Puducherry,-,-,3,0,7
25/04/20,5:00 PM,Punjab,-,-,67,17,298
25/04/20,5:00 PM,Rajasthan,-,-,230,27,2034
25/04/20,5:00 PM,Tamil Nadu,-,-,866,22,1755
25/04/20,5:00 PM,Telengana,-,-,253,26,984
25/04/20,5:00 PM,Tripura,-,-,1,0,2
25/04/20,5:00 PM,Uttarakhand,-,-,25,0,48
25/04/20,5:00 PM,Uttar Pradesh,-,-,248,26,1778
25/04/20,5:00 PM,West Bengal,-,-,103,18,571
26/04/20,5:00 PM,Andaman and Nicobar Islands,-,-,11,0,33
26/04/20,5:00 PM,Andhra Pradesh,-,-,231,31,1097
26/04/20,5:00 PM,Arunachal Pradesh,-,-,1,0,1
26/04/20,5:00 PM,Assam,-,-,19,1,36
26/04/20,5:00 PM,Bihar,-,-,46,2,251
26/04/20,5:00 PM,Chandigarh,-,-,17,0,30
26/04/20,5:00 PM,Chhattisgarh,-,-,32,0,37
26/04/20,5:00 PM,Delhi,-,-,869,54,2625
26/04/20,5:00 PM,Goa,-,-,7,0,7
26/04/20,5:00 PM,Gujarat,-,-,282,133,3071
26/04/20,5:00 PM,Haryana,-,-,176,3,289
26/04/20,5:00 PM,Himachal Pradesh,-,-,22,1,40
26/04/20,5:00 PM,Jammu and Kashmir,-,-,112,6,494
26/04/20,5:00 PM,Jharkhand,-,-,13,3,67
26/04/20,5:00 PM,Karnataka,-,-,177,18,501
26/04/20,5:00 PM,Kerala,-,-,338,4,458
26/04/20,5:00 PM,Ladakh,-,-,14,0,20
26/04/20,5:00 PM,Madhya Pradesh,-,-,210,99,2096
26/04/20,5:00 PM,Maharashtra,-,-,1076,323,7628
26/04/20,5:00 PM,Manipur,-,-,2,0,2
26/04/20,5:00 PM,Meghalaya,-,-,0,1,12
26/04/20,5:00 PM,Mizoram,-,-,0,0,1
26/04/20,5:00 PM,Odisha,-,-,34,1,103
26/04/20,5:00 PM,Puducherry,-,-,3,0,7
26/04/20,5:00 PM,Punjab,-,-,67,17,298
26/04/20,5:00 PM,Rajasthan,-,-,493,33,2083
26/04/20,5:00 PM,Tamil Nadu,-,-,960,23,1821
26/04/20,5:00 PM,Telengana,-,-,280,26,991
26/04/20,5:00 PM,Tripura,-,-,2,0,2
26/04/20,5:00 PM,Uttarakhand,-,-,26,0,50
26/04/20,5:00 PM,Uttar Pradesh,-,-,289,29,1843
26/04/20,5:00 PM,West Bengal,-,-,105,18,611
27/04/20,5:00 PM,Andaman and Nicobar Islands,-,-,11,0,33
27/04/20,5:00 PM,Andhra Pradesh,-,-,235,31,1177
27/04/20,5:00 PM,Arunachal Pradesh,-,-,1,0,1
27/04/20,5:00 PM,Assam,-,-,27,1,36
27/04/20,5:00 PM,Bihar,-,-,56,2,277
27/04/20,5:00 PM,Chandigarh,-,-,17,0,30
27/04/20,5:00 PM,Chhattisgarh,-,-,32,0,37
27/04/20,5:00 PM,Delhi,-,-,877,54,2918
27/04/20,5:00 PM,Goa,-,-,7,0,7
27/04/20,5:00 PM,Gujarat,-,-,313,151,3301
27/04/20,5:00 PM,Haryana,-,-,176,3,289
27/04/20,5:00 PM,Himachal Pradesh,-,-,22,1,40
27/04/20,5:00 PM,Jammu and Kashmir,-,-,137,6,523
27/04/20,5:00 PM,Jharkhand,-,-,13,3,82
27/04/20,5:00 PM,Karnataka,-,-,188,20,511
27/04/20,5:00 PM,Kerala,-,-,342,4,469
27/04/20,5:00 PM,Ladakh,-,-,14,0,20
27/04/20,5:00 PM,Madhya Pradesh,-,-,302,106,2168
27/04/20,5:00 PM,Maharashtra,-,-,1188,342,8068
27/04/20,5:00 PM,Manipur,-,-,2,0,2
27/04/20,5:00 PM,Meghalaya,-,-,0,1,12
27/04/20,5:00 PM,Mizoram,-,-,0,0,1
27/04/20,5:00 PM,Odisha,-,-,35,1,108
27/04/20,5:00 PM,Puducherry,-,-,3,0,8
27/04/20,5:00 PM,Punjab,-,-,71,18,313
27/04/20,5:00 PM,Rajasthan,-,-,518,41,2185
27/04/20,5:00 PM,Tamil Nadu,-,-,1020,24,1885
27/04/20,5:00 PM,Telengana,-,-,280,26,1002
27/04/20,5:00 PM,Tripura,-,-,2,0,2
27/04/20,5:00 PM,Uttarakhand,-,-,33,0,51
27/04/20,5:00 PM,Uttar Pradesh,-,-,335,31,1955
27/04/20,5:00 PM,West Bengal,-,-,105,20,649
28/04/20,5:00 PM,Andaman and Nicobar Islands,-,-,11,0,33
28/04/20,5:00 PM,Andhra Pradesh,-,-,258,31,1259
28/04/20,5:00 PM,Arunachal Pradesh,-,-,1,0,1
28/04/20,5:00 PM,Assam,-,-,27,1,38
28/04/20,5:00 PM,Bihar,-,-,57,2,346
28/04/20,5:00 PM,Chandigarh,-,-,17,0,40
28/04/20,5:00 PM,Chhattisgarh,-,-,32,0,37
28/04/20,5:00 PM,Delhi,-,-,877,54,3108
28/04/20,5:00 PM,Goa,-,-,7,0,7
28/04/20,5:00 PM,Gujarat,-,-,394,162,3548
28/04/20,5:00 PM,Haryana,-,-,183,3,296
28/04/20,5:00 PM,Himachal Pradesh,-,-,22,1,40
28/04/20,5:00 PM,Jammu and Kashmir,-,-,164,7,546
28/04/20,5:00 PM,Jharkhand,-,-,17,3,103
28/04/20,5:00 PM,Karnataka,-,-,198,20,520
28/04/20,5:00 PM,Kerala,-,-,355,4,482
28/04/20,5:00 PM,Ladakh,-,-,16,0,22
28/04/20,5:00 PM,Madhya Pradesh,-,-,361,113,2368
28/04/20,5:00 PM,Maharashtra,-,-,1282,369,8590
28/04/20,5:00 PM,Manipur,-,-,2,0,2
28/04/20,5:00 PM,Meghalaya,-,-,0,1,12
28/04/20,5:00 PM,Mizoram,-,-,0,0,1
28/04/20,5:00 PM,Odisha,-,-,37,1,118
28/04/20,5:00 PM,Puducherry,-,-,3,0,8
28/04/20,5:00 PM,Punjab,-,-,71,18,313
28/04/20,5:00 PM,Rajasthan,-,-,669,46,2262
28/04/20,5:00 PM,Tamil Nadu,-,-,1101,24,1937
28/04/20,5:00 PM,Telengana,-,-,321,26,1004
28/04/20,5:00 PM,Tripura,-,-,2,0,2
28/04/20,5:00 PM,Uttarakhand,-,-,33,0,51
28/04/20,5:00 PM,Uttar Pradesh,-,-,400,31,2043
28/04/20,5:00 PM,West Bengal,-,-,109,20,697
29/04/20,5:00 PM,Andaman and Nicobar Islands,-,-,15,0,33
29/04/20,5:00 PM,Andhra Pradesh,-,-,287,31,1332
29/04/20,5:00 PM,Arunachal Pradesh,-,-,1,0,1
29/04/20,5:00 PM,Assam,-,-,27,1,38
29/04/20,5:00 PM,Bihar,-,-,64,2,383
29/04/20,5:00 PM,Chandigarh,-,-,17,0,56
29/04/20,5:00 PM,Chhattisgarh,-,-,34,0,38
29/04/20,5:00 PM,Delhi,-,-,1078,54,3314
29/04/20,5:00 PM,Goa,-,-,7,0,7
29/04/20,5:00 PM,Gujarat,-,-,434,181,3774
29/04/20,5:00 PM,Haryana,-,-,209,3,310
29/04/20,5:00 PM,Himachal Pradesh,-,-,25,1,40
29/04/20,5:00 PM,Jammu and Kashmir,-,-,176,8,565
29/04/20,5:00 PM,Jharkhand,-,-,19,3,105
29/04/20,5:00 PM,Karnataka,-,-,215,20,532
29/04/20,5:00 PM,Kerala,-,-,359,4,486
29/04/20,5:00 PM,Ladakh,-,-,16,0,22
29/04/20,5:00 PM,Madhya Pradesh,-,-,377,119,2561
29/04/20,5:00 PM,Maharashtra,-,-,1388,400,9318
29/04/20,5:00 PM,Manipur,-,-,2,0,2
29/04/20,5:00 PM,Meghalaya,-,-,0,1,12
29/04/20,5:00 PM,Mizoram,-,-,0,0,1
29/04/20,5:00 PM,Odisha,-,-,38,1,119
29/04/20,5:00 PM,Puducherry,-,-,3,0,8
29/04/20,5:00 PM,Punjab,-,-,71,19,322
29/04/20,5:00 PM,Rajasthan,-,-,768,51,2364
29/04/20,5:00 PM,Tamil Nadu,-,-,1168,25,2058
29/04/20,5:00 PM,Telengana,-,-,367,26,1012
29/04/20,5:00 PM,Tripura,-,-,2,0,2
29/04/20,5:00 PM,Uttarakhand,-,-,34,0,54
29/04/20,5:00 PM,Uttar Pradesh,-,-,477,36,2115
29/04/20,5:00 PM,West Bengal,-,-,119,22,725
30/04/20,5:00 PM,Andaman and Nicobar Islands,-,-,15,0,33
30/04/20,5:00 PM,Andhra Pradesh,-,-,321,31,1403
30/04/20,5:00 PM,Arunachal Pradesh,-,-,1,0,1
30/04/20,5:00 PM,Assam,-,-,29,1,42
30/04/20,5:00 PM,Bihar,-,-,65,2,403
30/04/20,5:00 PM,Chandigarh,-,-,17,0,56
30/04/20,5:00 PM,Chhattisgarh,-,-,36,0,38
30/04/20,5:00 PM,Delhi,-,-,1092,56,3439
30/04/20,5:00 PM,Goa,-,-,7,0,7
30/04/20,5:00 PM,Gujarat,-,-,527,197,4082
30/04/20,5:00 PM,Haryana,-,-,209,3,310
30/04/20,5:00 PM,Himachal Pradesh,-,-,25,1,40
30/04/20,5:00 PM,Jammu and Kashmir,-,-,192,8,581
30/04/20,5:00 PM,Jharkhand,-,-,19,3,107
30/04/20,5:00 PM,Karnataka,-,-,223,21,557
30/04/20,5:00 PM,Kerala,-,-,369,4,496
30/04/20,5:00 PM,Ladakh,-,-,16,0,22
30/04/20,5:00 PM,Madhya Pradesh,-,-,461,130,2660
30/04/20,5:00 PM,Maharashtra,-,-,1593,432,9915
30/04/20,5:00 PM,Manipur,-,-,2,0,2
30/04/20,5:00 PM,Meghalaya,-,-,0,1,12
30/04/20,5:00 PM,Mizoram,-,-,0,0,1
30/04/20,5:00 PM,Odisha,-,-,39,1,128
30/04/20,5:00 PM,Puducherry,-,-,5,0,8
30/04/20,5:00 PM,Punjab,-,-,90,19,357
30/04/20,5:00 PM,Rajasthan,-,-,768,51,2438
30/04/20,5:00 PM,Tamil Nadu,-,-,1210,27,2162
30/04/20,5:00 PM,Telengana,-,-,367,26,1012
30/04/20,5:00 PM,Tripura,-,-,2,0,2
30/04/20,5:00 PM,Uttarakhand,-,-,36,0,55
30/04/20,5:00 PM,Uttar Pradesh,-,-,513,39,2203
30/04/20,5:00 PM,West Bengal,-,-,124,22,758
